-- phpMyAdmin SQL Dump
-- version phpStudy 2014
-- http://www.phpmyadmin.net
--
-- 主机: localhost
-- 生成日期: 2018 年 10 月 25 日 06:49
-- 服务器版本: 5.5.53
-- PHP 版本: 5.4.45

SET SQL_MODE="NO_AUTO_VALUE_ON_ZERO";
SET time_zone = "+00:00";


/*!40101 SET @OLD_CHARACTER_SET_CLIENT=@@CHARACTER_SET_CLIENT */;
/*!40101 SET @OLD_CHARACTER_SET_RESULTS=@@CHARACTER_SET_RESULTS */;
/*!40101 SET @OLD_COLLATION_CONNECTION=@@COLLATION_CONNECTION */;
/*!40101 SET NAMES utf8 */;

--
-- 数据库: `tangxiansheng`
--

-- --------------------------------------------------------

--
-- 表的结构 `article`
--

CREATE TABLE IF NOT EXISTS `article` (
  `id` int(20) unsigned NOT NULL AUTO_INCREMENT,
  `column` varchar(50) NOT NULL,
  `title` varchar(255) NOT NULL,
  `date` varchar(50) NOT NULL,
  `keywords` text,
  `description` text,
  `brand` varchar(100) DEFAULT NULL,
  `context` text NOT NULL,
  `img_url` text,
  `hit` int(10) NOT NULL DEFAULT '0',
  PRIMARY KEY (`id`)
) ENGINE=MyISAM  DEFAULT CHARSET=utf8 AUTO_INCREMENT=10930 ;

--
-- 转存表中的数据 `article`
--

INSERT INTO `article` (`id`, `column`, `title`, `date`, `keywords`, `description`, `brand`, `context`, `img_url`, `hit`) VALUES
(10889, '3', '汤先生汤馆加盟详情如何？', '2018-09-26', '汤先生汤馆加盟，汤先生汤馆加盟详情', '养生美食加盟项目，非常吃香的创业平台的选择。小编来推荐一下：汤先生汤馆加盟怎么样？可靠的市场商机，赚钱的好机遇的选择。那么，汤先生汤馆加盟，你还在犹豫什么呢？', NULL, '<p>&nbsp;&nbsp;&nbsp;&nbsp;&nbsp;&nbsp;&nbsp;&nbsp;养生美食加盟项目，非常吃香的创业平台的选择。小编来推荐一下：<strong>汤先生汤馆加盟</strong>怎么样？可靠的市场商机，赚钱的好机遇的选择。那么，汤先生汤馆加盟，你还在犹豫什么呢？</p><p>&nbsp;&nbsp;&nbsp;&nbsp;&nbsp;&nbsp;&nbsp;&nbsp;而且，为了打造品牌，汤先生的养生汤使用一级中药材，汤品均是在门店制作，其外卖汤杯为专利设计，不破坏杯体无法打开，以此保证外卖途中不会漏汤、污染。</p><p><br/></p><p style="text-align: center;"><br/></p><p><br/></p><p><strong>汤先生汤馆加盟条件：</strong><br/></p><p>&nbsp;&nbsp;&nbsp;&nbsp;&nbsp;&nbsp;&nbsp;&nbsp;1.具有固定的营业场所，固定的销售网络和完整的销售队伍。</p><p>&nbsp;&nbsp;&nbsp;&nbsp;&nbsp;&nbsp;&nbsp;&nbsp;2.有一定的经济实力及经营管理能力。</p><p>&nbsp;&nbsp;&nbsp;&nbsp;&nbsp;&nbsp;&nbsp;&nbsp;3.具备有较丰富的市场营销经验，有代理快速消费品的操作经验，能较快地切入当地市场。</p><p>&nbsp;&nbsp;&nbsp;&nbsp;&nbsp;&nbsp;&nbsp;&nbsp;4.在当地具有良好的商业信誉及社会关系，</p><p>&nbsp;&nbsp;&nbsp;&nbsp;&nbsp;&nbsp;&nbsp;&nbsp;5.热衷于餐饮事业的发展。</p><p>&nbsp;&nbsp;&nbsp;&nbsp;&nbsp;&nbsp;&nbsp;&nbsp;6.满足我们的加盟商授权标准。</p><p>&nbsp;&nbsp;&nbsp;&nbsp;&nbsp;&nbsp;&nbsp;&nbsp;7.有详尽填写加盟申请表等相关资料，并获得我公司审批通过。</p><p><strong>汤先生汤馆加盟流程：</strong></p><p>1.电话咨询加盟事宜</p><p>&nbsp;&nbsp;&nbsp;&nbsp;&nbsp;&nbsp;&nbsp;&nbsp;加盟商先通过电话，网站对品牌及产品有个大概的了解，投资实力自行评估，做出准确判断。了解品牌加盟费用多少钱等一系列问题。</p><p>2.总部实地考察</p><p>&nbsp;&nbsp;&nbsp;&nbsp;&nbsp;&nbsp;&nbsp;&nbsp;到总部参观考察，了解品牌的来源，理性分析抓住时机对品牌项目的确定。</p><p>3.加盟店现场考察</p><p>&nbsp;&nbsp;&nbsp;&nbsp;&nbsp;&nbsp;&nbsp;&nbsp;项目确定后回当地选址，也就是所开店面区域的保留，店面确定。确定店面需要公司专业的市场评估人员作出准确分析，店面积，位置，租金，客流量等，做出综合分析后，以确定作出准确分析。</p><p>4.开业驻点指导</p><p>&nbsp;&nbsp;&nbsp;&nbsp;&nbsp;&nbsp;&nbsp;&nbsp;考试结业后，内侧后确定开业日期，开业前提前一个星期与公司运营部确定带店老师上门带店指导开业，以及订购所有食材准确的发货时间，与新媒体部门联系确认开业营销活动及网络推广。</p><p>&nbsp;&nbsp;&nbsp;&nbsp;&nbsp;&nbsp;&nbsp;&nbsp;看过了，<strong>汤先生</strong>汤馆加盟详情，你是否也是非常心动想要成功创业开店挣钱呢？何必犹豫呢？快快行动起来吧！来选择汤先生汤馆加盟，来实现我们的精彩生活吧！快快行动起来吧！</p>', '..', 0),
(10890, '3', '汤先生加盟店的内部装修有什么要注意的地方', '2018-09-27', '汤先生官网，汤先生汤馆，汤先生加盟费', '', NULL, '<p>　　说到健康的饮食，汤就是非常多年轻人喜爱的美味之一，在这个行业中发展的过程中也都是吸引了非常多年轻人的关注，让加盟店在这个行业中的前景也都获得了非常的保障。不过，投资创业者在这个行业中发展的时候，投资创业者一定也是要能够重视自己加盟店的开店装修，让加盟店的发展收益可以变得更好。</p><p><br/></p><p>　　所以，投资创业者在这个市场上开一家<strong>汤先生加盟</strong>店的时候，投资创业者一定也是要能够重视自己加盟店的开店装修，让自己的加盟店可以在这个市场上的收益变得更好。那么，汤先生加盟店的投资创业者在这个行业中经营的时候，加盟商应该要如何去装修好自己的加盟店，让加盟店的收益变得更好呢？</p><p><br/></p><p style="text-align: center;"></p><p><br/></p><p>　　当然，投资创业者在这个市场为汤先生加盟店装修的时候，投资创业者一定也是要能够重视一些经营技巧的掌握，这样投资创业者在这个行业中的发展前景也就可以</p><p><br/></p><p>　　<strong>汤先生</strong>加盟店的投资创业者在这个行业中发展的过程中，投资创业者一定也是要能够掌握好一些开店的技巧，这样投资创业者在这个市场上创业的时候，也就可以让越来越多的加盟商在这个行业中赢得更多年轻人的喜爱，让投资创业者在这个市场上的发展前景，可以变得更好。变得更好，在这个市场上发展的过程中也都可以赢得更多年轻人的关注，让加盟店的市场收益可以得到更好的保障。</p><p><br/></p>', '.', 0),
(10891, '3', '「汤先生」：“慢煲汤、快开店”，用零售思维做餐饮', '2018-09-27', '汤先生,汤先生SoupMaster官网', '在互联网餐饮行业，依靠垂直单品突围的情况并不少见，最有代表性的例子是西少爷肉夹馍。汤品市场也有这样的机会吗？今天每日君想要推荐的项目叫「汤先生SoupMaster」，它主打的正是汤品的餐饮+零售品牌。', NULL, '<p style="text-indent: 2em;">新物种的爆发不是偶然。在新物种成为新物种之前，它多半已经在商业丛林里显露出巨兽独有的潜力了。</p><p style="text-align: center;"></p><p style="text-indent: 2em;">在互联网餐饮行业，依靠垂直单品突围的情况并不少见，最有代表性的例子是西少爷肉夹馍。汤品市场也有这样的机会吗？今天每日君想要推荐的项目叫「汤先生SoupMaster」，它主打的正是汤品的餐饮+零售品牌。</p><p><br/></p><p style="text-indent: 2em;"><strong>汤先生</strong>SoupMaster官网</p><p><br/></p><p style="text-indent: 2em;">新物种关键词</p><p><br/></p><p style="text-indent: 2em;">养生汤品、情感属性、特定场景挖掘、餐饮零售。</p><p><br/></p><p style="text-indent: 2em;">物种小传</p><p><br/></p><p style="text-indent: 2em;">汤先生SoupMaster是一个养生汤品餐饮品牌，从汤品单品切入，通过网上下单（微信、外卖平台等）及线下体验店的形式，面向孕妇、术后康复者、加班者等人群推出不同汤品，并实现标准化生产。</p><p><br/></p><p style="text-indent: 2em;">诞生时间</p><p><br/></p><p style="text-indent: 2em;">2015年10月，成立。</p><p><br/></p><p style="text-indent: 2em;">资本发现</p><p><br/></p><p style="text-indent: 2em;">2017年8月7日，完成数千万人民币A轮融资，投资方为光速中国（领投）、点亮基金；2017年3月25日，完成600万人民币天使轮融资，投资方为真格基金（领投）、天图资本。</p><p><br/></p><p style="text-indent: 2em;">物种基因</p><p><br/></p><p style="text-indent: 2em;">CEO陈华滨，新媒体煲汤达人，飞亚达最年轻的全国销售总监，负责管理2500家门店，精通商业拓展和门店运营；COO董涛&nbsp; ，南京理工大学金融学学士，在财务监管及数据化供应链管理工作具有丰富工作经验。</p><p><br/></p><p style="text-indent: 2em;">成长指标</p><p><br/></p><p style="text-indent: 2em;">“汤先生”已开设店面20家，单店日订单量250~300单；公司月流水400万~500万元，连续三个月销售额环比增长50%；“汤先生”从品控体系和单店成本结构入手，已经具备了单店快速复制的能力。新店在营业14天后，可达到稳定收入，6~8个月便可回收成本。</p><p><br/></p><p style="text-indent: 2em;">推荐理由</p><p><br/></p><p style="text-indent: 2em;">汤先生从特定场景里挖掘用户需求，把慢功夫的煲汤和可快速复制的商业模型结合。</p><p><br/></p><p style="text-indent: 2em;">标准的品控体系、稳定的单店成本结构和快速复制单店的能力是汤先生最重要的三个竞争壁垒。</p><p><br/></p><p style="text-indent: 2em;">汤先生开发汤小盒等供零售的方便汤品，通过凸显汤品的情感和礼品属性来打造品牌。</p><p><br/></p><p style="text-indent: 2em;">汤先生线下门店</p><p><br/></p><p style="text-indent: 2em;">生命力分析</p><p><br/></p><p style="text-indent: 2em;">汤先生针对汤品的垂直单品做餐饮品牌，最大的一个特点是它的产品是基于特定场景需求为用户提供服务的。从特定场景里挖掘用户需求，汤先生把慢功夫的煲汤和可快速复制的商业模型结合，面向孕妇、术后康复者、加班者等人群推出不同汤品，并实现标准化生产。在线下门店方面，标准的品控体系、稳定的单店成本结构和快速复制单店的能力是汤先生最重要的三个竞争壁垒。</p><p><br/></p><p style="text-indent: 2em;">除了线下门店，“汤先生”在零售方向也有所布局。汤先生同时开发了汤小盒等供零售的方便汤品，并投放到无人货架、便利店和电商平台等新零售渠道进行销售。“汤小盒”包含成品汤、汤料等产品，是汤先生结合餐饮和零售，通过凸显汤品的情感和礼品属性来打造品牌的一种尝试。而起量快的零售和重运营的门店相结合，则是触及更广阔人群、扩大市场的好办法。</p><p><br/></p><p style="text-indent: 2em;">汤品与其他餐饮或饮料商品不同，它自带情感属性。因此在市场推广方面，汤先生主打情感营销，将顾客的情感需求赋予到自身的品牌中。比如，在顾客为加班的女朋友点单时，团队会通过传情卡片和文字等方式帮助客户表达情感。这种品牌对用户的情感维系最终会体现到产品的复购率上。通过公众号运营，付费会员等手段，汤先生自有平台的当月复购率能达到 40%。</p><p><br/></p>', '.', 0),
(10892, '3', '汤先生加盟，餐饮行业新商机', '2018-09-28', '汤先生官网，汤先生汤馆，汤先生加盟费', '', NULL, '<p>　　<strong>汤先生</strong>，美味、承载情怀；真挚，成就永恒。味蕾与灵魂碰撞，带你寻觅传承的韵味。当椰子与汤交融，唤醒记忆深处丝丝清甜，椰香沁润心田的温暖成为命中注定的永恒。一份汤连接一份情，在这儿——将爱完整。</p><p><br/></p><p>　　汤先生提供十分丰富的产品系列，全方位满足消费者的各种需求。小吴说：“我加盟汤先生最重要的一个原因，就是它本身丰富的产品及服务。在我开业的两个月时间里，回头客高达百分之百，得益于汤先生丰富又齐全的菜品让广大消费者百吃不厌。”</p><p><br/></p><p>　　<strong>汤先生加盟</strong><br/></p><p><br/></p><p>　　清香的椰子炖汤美味到不行~制作这样一份炖汤工序繁琐 匠心熬制，每份汤品均精选优质海南特大老椰，隔开椰盖，倒出椰汁备用（用老椰而不用新椰也是有讲究的，新椰汁更甜，老椰肉更香！）打开椰子后，按配方依次加入食材，再倒入煮好的汤胆，汤胆每天4点开始提前熬好，用汤胆+食材熬汤，不止味道更浓郁食材还依然很好吃！</p><p><br/></p><p>　　作为国内一家专业做养生汤的品牌--汤先生，品牌发布会上大家见到了许多和以往不一样的“老火靓汤”，仅仅是包装就非常吸引人。因为有巨大的消费需求，所以营养汤品经营者无须培育消费市场，仅仅需要的是做消费习惯的引导。而“汤先生”在消费习惯的引导方面，正好迎合了如今消费升级的大趋势，利用上好食材，创新工艺，4小时精心熬制，打造营养美味匠心汤品。此外，礼物化包装和自营物流加第三方配送的模式也大大提高了用户体验，使之拥有极好的口碑。</p><p><br/></p><p>　　诚挚地希望自由创业、在岗投资的人士能了解<strong>汤先生加盟</strong>，在简单的加盟操作学习之后，可以成为又一家汤先生加盟店。</p><p><br/></p>', '.', 0),
(10893, '4', '汤先生在汤品市场的影响力如何', '2018-09-28', '汤先生官网，汤先生汤馆，汤先生加盟费', '俗话说"宁可食无肉，不可饭无汤。"有的时候汤比肉更重要，无论南方或是北方，东部还是西部，汤都是中国人重要的日常饮食。比如广东的老火靓汤、东北的酸菜排骨汤、杭州的宋嫂鱼羹、河南的胡辣汤等等。 民以食为天，在中国人生活里，吃的好不好，历来是衡量幸福的重要指标之一。', NULL, '<p>　　俗话说&quot;宁可食无肉，不可饭无汤。&quot;有的时候汤比肉更重要，无论南方或是北方，东部还是西部，汤都是中国人重要的日常饮食。比如广东的老火靓汤、东北的酸菜排骨汤、杭州的宋嫂鱼羹、河南的胡辣汤等等。 民以食为天，在中国人生活里，吃的好不好，历来是衡量幸福的重要指标之一。长期的加班、无休止的工作，和各种压力，对于长期生活在高楼大厦的都市白领来说，能吃的很多，但要吃得好，却不是每个人都能满足。这个看似简单的条件，对于朝九晚五、早出晚归的上班族来说，却成了可望不可及的梦想。</p><p><br/></p><p><strong>&nbsp;&nbsp;&nbsp;&nbsp;&nbsp;&nbsp;&nbsp;&nbsp;汤先生加盟</strong></p><p><br/></p><p>&nbsp;&nbsp;&nbsp;&nbsp;&nbsp;&nbsp;&nbsp;&nbsp;进入到互联网时代后， 传播和采购的方式多样化，各种各样的产品和选择也越来越丰富。但是对于活在互联网时代的年轻人来说，能够真正吸引到他们的服务和产品，不再是满足温饱的标准。&quot;精&quot;、&quot;质&quot;、&quot;新&quot;才是打动他们的标准。</p><p><br/></p><p style="text-align: center;"><a href="http://www.sucentaica.com.cn" target="_self"></a></p><p><br/></p><p>　　由于经济的发展，人们开始对生活质量有着更高的追求。相比较于买车、买房、旅游这些大部头的花费来说，吃是花费最少，但是又与生活品质关联最密切的一个环节。对于中国这么一个这么看重饮食文化的国家来说，吃就更是提升生活质量的保证，也是消费升级的第一步。从堂食到外卖，解决的是便捷时间性问题，但到了现在，消费升级大潮下，要解决的就是品质和健康的问题……</p><p><br/></p><p>　　2016年，全球著名管理咨询公司埃森哲发布的报告称，2030年将有70%的中国人成为中产阶级。因为看到这个巨大的市场缺口和需求，&quot;<strong>汤先生</strong>&quot;应运诞生。对于互联网创业企业来说，只有充分整合资源、保持不间断创新，打造整体生态链，构建自己的竞争壁垒，才能在这个随时出局的创业游戏中生存。目前汤先生旗下的子公司，就包括唐宋配送公司、汤师傅文化传播有限公司、等候学院，还有专门的汤类产品研发实验室，形成了一条完整的生态产业链。</p><p><br/></p><p style="text-align: center;"><br/></p><p><br/></p><p>　　随着用户的积累、沉淀。汤先生通过初期的汤类产品，衍生到汤品牌专家等综合性产品和服务，成功精准投放到都市白领阶层。&quot;如果我们只是单纯卖汤，就只能是一个餐饮店，和互联网关系不大。所以我们目前关注的是消费升级背景下，主打健康和年轻人消费，用互联网思维和模式去拓展和传播。</p><p><br/></p><p>　　在这个消费升级下的互联网时代，用户的思想在变，商家的思想也在时刻更新。用户更愿意为自己更好的生活品质、和更个性化的需求买单，创业者只有提供质量更好、效率更佳的服务，才能在市场中立于不败之地。</p><p><br/></p><p><br/></p>', '..', 0),
(10894, '3', '汤先生加盟，专注营养汤品的品牌', '2018-09-29', '', '', NULL, '<p style="text-indent: 2em;"><strong><span style="font-size: 14px;">汤先生</span></strong><span style="font-size: 14px;">作为一个专注于精品汤品的品牌，是很有投资价值的。随着国人生活水平提高，健康的饮食理念也逐渐深入人心，更多的人愿意选择营养美味又健康的汤品。加盟汤先生是有着广阔的市场前景的。</span></p><p><br/></p><p style="text-indent: 2em;"><span style="font-size: 14px;">美味，承载情怀;真挚，成就永恒。味蕾与灵魂碰撞，带你寻觅传承的韵味。当椰子与汤交融，唤醒记忆深处丝丝清甜，椰香沁润心田的温暖成为命中注定的永恒。一份汤连接一份情，在这儿--将爱完整。</span></p><p style="text-indent: 2em;"><br/></p><p style="text-indent: 2em;"><span style="font-size: 14px;">以锡纸包裹好之后放入锅中熬制4小时，一碗让人魂牵梦萦的椰子原盅炖汤才算真的完成了~光看材料都是营养满满的味道和口碑都是杠杠滴!</span></p><p><br/></p><p style="text-indent: 2em;"><strong><span style="font-size: 14px;">汤先生</span></strong><span style="font-size: 14px;">专注于产品的研发，汤品种类丰富。制作一份炖汤工序繁琐，每份汤品均精选优质海南特大老椰，隔开椰盖，倒出椰汁备用(用老椰而不用新椰也是有讲究的，新椰汁更甜，老椰肉更香!)打开椰子后，按配方依次加入食材，再倒入煮好的汤胆，汤胆每天4点开始提前熬好，用汤胆+食材熬汤，不止味道更浓郁食材还依然很好吃!</span></p><p><br/></p><p style="text-indent: 2em;"><span style="font-size: 14px;">加盟汤先生还有着多项支持，精益求精的产品加上总部对加盟商的大力支持，总而言之，汤先生值得加盟!</span></p><p><br/></p>', '.', 0),
(10895, '3', '汤先生的加盟靠不靠谱？', '2018-09-30', '汤先生官网，汤先生汤馆，汤先生加盟费', '', NULL, '<p>　　大家在投资餐饮项目的时候，需要考虑的问题比较多，既要看它的核心实力，也要看盈利能力。毕竟现在市场竞争激烈，只有确保品牌的投资可行性，才能放心加盟，当汤先生创立之后，就引起了很多投资者的注意。此时想要借助这个投资平台迈向创业之路的人也比比皆是，那么，<a href="http://www.sucentaica.com.cn/" target="_self"><strong>汤先生</strong><strong>加盟</strong></a>靠谱吗？</p><p><br/></p><p style="text-align: center;"><img src="/ueditor/php/upload/image/20180930/1538277729102041.jpg" title="1538277729102041.jpg" alt="u=2380211234,1909006636&amp;fm=11&amp;gp=0.jpg"/></p><p><br/></p><p>　　<a href="http://www.sucentaica.com.cn/" target="_self"><strong>汤先生</strong></a>是一个非常靠谱的好项目，因为这个品牌历经市场多年的考验，独特的美味得到了消费者认可，而且投资者加盟这个好项目投资成本不高，创业没有资金压力。汤先生面对的消费群体广阔，而且亲民的价格是一般消费者都可以轻松接受的。所以在市场中有着很好的发展前景，投资者可以放心加盟创业。</p><p><br/></p><p>　　汤先生是知名度很高的品牌，消费者对这个品牌更是赞不绝口，现在拥有众多回头客，所以投资者加盟创业很靠谱。现在加盟汤先生创业是很好的选择，汤先生创业门槛不高，加盟商不需要有多高的学历，投资成本也很低，相对于其他品牌来说获取利润的空间更大，商机就在眼前，值得把握。</p><p><br/></p>', '', 0),
(10896, '3', '汤先生加盟，营养健康服务新行业', '2018-10-04', '', '', NULL, '<p>　　汤先生公司以“营养汤品”经营为特色，采取“统一原料、统一制作、统一配送、统一管理”的操作方法。高标准的中央厨房和配送中心，利用先进的工业技术，将复杂的中式餐饮制作转移到高度标准化的生产流程上来，由配送中心将高品质成品运送到各门店进行销售，无须二次加工。汤先生达到了食品制作的标准化、快餐服务的迅捷化。按照ISO9004体系建立的卫生安全标准与要求，确保所有门店销售统一的、安全的、合格的各式餐品。</p><p><br/></p><p>　　汤先生轻松活拨的店面形象设计，幽雅亲切的就餐环境。“西为中用”，在服务方面，我们认真学习西式快餐连锁企业的成功经验，以服务品质及人员训练作为管理的重心，强调顾客的用餐体验，并以此来计划和调动公司上下各部门的工作。此外，“汤先生”潜心研究，求新求变，针对餐饮市场的变化，将及时调整产品的结构，不定期的推陈出新，力求做到很好。</p><p><br/></p>', '.', 0),
(10897, '3', '汤先生加盟如何，加盟门槛高不高', '2018-10-05', '', '', NULL, '<p>　　<strong>汤先生</strong>的加盟门槛并不高的，一般来说你只要一定的运营资金就是可以加盟的，而且汤先生加盟总部还会为加盟商提供全保姆式的加盟，即使你之前是一个毫无运营管理方面的新手也依据可以在汤先生加盟总部的帮助下，不断发展，逐步走向成功！</p><p><br/></p><p>　　<strong>汤先生加盟</strong>条件：</p><p><br/></p><p>　　一、加盟条件的软性要求：</p><p><br/></p><p>　　1、加盟商必须是具有合法资格的法人或自然人。</p><p><br/></p><p>　　2、认同品牌的经营理念，认可并接受总部的管理方式。对投资公司品牌行业、市场，有轻深的认识，具有信心和决心；对风险抗压能力强。</p><p><br/></p><p>　　3、对企业管理具有基本概念，具有较强的进取精神，有一定的经营背景和经验。愿接受公司总部的各项管理，认可麦加美的规章制度，愿意参加麦加美组织的各项培训。</p><p><br/></p><p>　　二、加盟硬性条件要求：</p><p><br/></p><p>　　1、与加盟条件相当的经济实力，具体金额在自有资金至少10万元。其中包括流动资金、加盟费、品牌保证金管理费使用费、装修费、设备费、办证费、等费用；不包括员工费用和店面租金。</p><p><br/></p><p>　　2、店铺至少有一面当街经营场所（22.8平方米），且具备一定的经营管理能力。店面选址是最为关键的，如何选址呢？选择周围商圈环境比较密集的地方，还有最重要的是交通便利。</p><p><br/></p><p>　　3、公司将设计平面图，效果图E-Mail至您处，确定后即可按公司装修风格进行标准化装修；</p><p><br/></p><p>　　4、加盟店整个系统的专用设备配备必须按公司统一要求配备齐全方可正常运营。</p><p><br/></p><p>　　三、品牌加盟者考虑品牌公司的培训和服务条件</p><p><br/></p><p>　　1、培训保障：加盟商签约后，员工要在总部进行培训，时间为15天——25天，或加盟商自行培训（公司提供指导和培训资料）。由专业指导老师和市场运营管理人员面对面传授技术和经营技巧，考核合格后方可上岗。同时，免费为加盟商提供终身的技术支持，定期组织技术升级培训，以保证加盟商全面掌握公司最新技术，提高服务质量，更好服务消费者。</p><p><br/></p><p>　　2、服务优势：“公司品牌”构筑了经销商、售后服务商及公司总部三级维修服务网络，使你售后服务得到保证。公司品牌经过十多年的品牌运作，目前已成为业内领导品牌，具有足够的市场拉动力。</p><p><br/></p><p>　　3、管理保障：总部实行现代企业管理制度，规范，科学，全国统一形象，统一设计，统一文化，统一品牌，统一经营理念，统一经营模式，统一服务手法和流程。公司还提供不同阶段的培训课程，不断提升店员、店长的服务能力和管理能力，为加盟店不断输入发展动力。</p><p><br/></p>', '...', 0),
(10898, '3', '汤先生的加盟条件有什么', '2018-10-05', '', '', NULL, '<p>　　餐饮行业是一个新兴的巨大行业，在这个行业里面有很多开店赚钱的例子，他们都是掌握住了餐饮市场的大趋势，明白应该给消费者提供什么样的食物。通过一个好的品牌你能见识到很多，清晰地知道自己应该投资什么项目，明白该如何迎合消费者的需求。想要赚钱就要恶补自己对餐饮市场的知识，汤先生就是一个能够做为你榜样的好品牌。那么，<strong>汤先生加盟</strong>需要满足什么条件？</p><p><br/></p><p>　　<strong>汤先生</strong>加盟条件分析：</p><p><br/></p><p>　　1、加盟商最好要有较好的交际能力，要在当地有比较好的交际圈子。</p><p><br/></p><p>　　2、认同并接受“汤先生”总部的经营理念和操作模式。</p><p><br/></p><p>　　3、加盟商要有良好的资金实力，可以支持包括店面的装修，经营以及人员工资。</p><p><br/></p><p>　　4、具备适宜经营汤先生的场所，并按照公司品牌统一形象进行装修。</p><p><br/></p><p>　　5、富有责任感和开拓精神。</p><p><br/></p><p>　　6、诚信经营的企业、个人或团体。</p><p><br/></p><p>　　7、加盟商需要严格遵守公司制定的加盟制度。</p><p><br/></p><p>　　<strong>汤先生</strong>加盟的条件相信大家都有了一定的了解，其实这个小吃品牌真的非常适合大家选择加盟。想要加入到餐饮市场，想要赢得人们的关注，汤先生加盟用强悍的实力为你保驾护航。有了这样一个实力者的出现，再多的风险都会被克服，轻松的创业不是问题，顺利的投资才是关键。只要你加盟了汤先生这个小吃品牌，那你就可以预测你的美好未来了。犹豫不能为你改变现状，只能会让你变得更加窘境！</p><p><br/></p>', '..', 0),
(10899, '4', '汤先生加盟怎样，加盟的流程是怎样的', '2018-10-06', '汤先生官网，汤先生汤馆，汤先生加盟费', '', NULL, '<p>　　在中国的饮食文化当中，比较有创新性的就要数各种小吃快餐。那么想要创业选择好项目就来汤先生这个连锁品牌中来吧！加盟开店之后它的市场竞争力很强。很多投资的人们想要问了<strong>汤先生</strong>加盟怎么样？加盟流程有什么？</p><p><br/></p><p>　　该品牌确实是值得大家投资创业的，不仅门槛低风险小，还能得到足够的利益保障。它有自己的秘制配方，经过创新升级之后，既能让口味更加出众，也能让滋补效果更加理想，无论男女老幼都非常喜欢。而且它的产品线比较多，目前共有七大系列面向市场，不会存在跑客和经营淡季的问题。</p><p><br/></p><p>　　加汤先生快餐制作的过程中没有油烟，环境非常的干净卫生，深受广大消费者的喜爱。现在加盟这个品牌，总部会为加盟商配送料包，传授加盟商制作的流程，让加盟商能够轻松操作。总部经过不断的努力发展，现在加盟店遍布全国各地，已经达到1400多家，每一家的生意都非常的不错。</p><p><br/></p><p>　　另外总部还会提供技术培训支持和技术升级服务，统一门店形象和装修风格，传授宝贵的经营管理经验，都能让加盟店利用成熟的运营机制顺利发展。而且采用双线营销模式之后，就能突破传统快餐店的经营局限性，将堂食和外卖结合在一起，生意会更好，盈利能力也会迅猛增强。</p><p><br/></p><p>　　<strong>汤先生加盟</strong>流程：</p><p><br/></p><p>　　1、投资咨询：加盟商向汤先生总部专业的投资顾问咨询相关加盟事项，索取有关资料。</p><p><br/></p><p>　　2、实地考察：加盟商到汤先生总部所在地进行项目考察，了解公司整体规模如何，了解产品信息等等！</p><p><br/></p><p>　　3、资格审核：总部对投资者进行审核。确认投资者的合作资格。</p><p><br/></p><p>　　4、签订合同：双方确认考察结果无争议，正式签订合同。</p><p><br/></p><p>　　5、缴纳费用：投资者按所选择的投资类型向总部交纳相关的费用。</p><p><br/></p><p>　　6、总部培训：总部安排投资者进行技术培训，培训合格后颁发授权铜牌。</p><p><br/></p><p>　　7、店面装修：总部为加盟者提供装修指导，与设计指导。</p><p><br/></p><p>　　8、开业：总部持续关注加盟者的经营情况，并给予经营指导与帮助。</p><p><br/></p><p>　　现在<strong>汤先生</strong>的加盟店已在全国各大城市开设多家，总部也建立了完善的加盟商管理服务体系，可为各投资者提供多项加盟扶持。投资该品牌口碑好，人气高当然能赚钱了。</p><p><br/></p>', '.', 0),
(10900, '3', '汤先生加盟的市场前景如何，能赚钱吗', '2018-10-06', '', '', NULL, '<p>　　最近，大家都在讨论餐饮加盟的事情，因为很多人都凭借着加盟餐饮行业而获得了可观的利润。餐饮行业的发展前景也一直都是不错的，因此越来越多的创业者想要加盟餐饮行业也是情有可原的。<a href="http://www.sucentaica.com.cn/" target="_self"><strong>汤先生</strong></a>这个品牌就在众多餐饮品牌中脱颖而出了。很多加盟商也在问：开家汤品店会赚钱吗？加盟汤先生好吗？</p><p><br/></p><p style="text-align: center;"><img src="/ueditor/php/upload/image/20181006/1538792759644960.jpg" title="1538792759644960.jpg" alt="u=3464458142,2134106510&amp;fm=26&amp;gp=0.jpg"/></p><p><br/></p><p>　　开家汤饭店小编觉得就目前形势来说还是会赚钱的，毕竟随着大家的生活品质的提高对于食品健康的要求越来越高了，对于美食的追求也依然在坚持着。<a href="http://www.sucentaica.com.cn/" target="_self"><strong>汤先生</strong></a>这个品牌就真的很适合加盟。</p><p><br/></p><p>　　消费者的角度来看，它研制出来的多种类小吃产品满足了大部分顾客，不管你的需求是什么，总能在这里找到满意答案，定期研制新品是它回馈顾客的一种方式，试问谁能拒绝这样一个创造惊喜的项目呢？除了从产品上来看，从专业实力上它也带来了很多的惊喜，这份惊喜是让没有经验的创业者获得成功的理由，它让更多的创业者可以放下顾虑的加入到其中。</p><p><br/></p>', '', 0),
(10901, '3', '想要提升汤先生加盟店的业绩该怎样做', '2018-10-08', '汤先生官网，汤先生汤馆，汤先生加盟费', '', NULL, '<p>　　现如今，餐饮加盟行业在这个市场上一直都是非常热门的产业，在这个行业中也都是有着非常高的发展机遇，可以让越来越多的加盟商在这个市场上赢得更多年轻人的关注，获得更高的市场发展收益的保障，让越来越多的加盟商可以在这个行业中的市场发展收益变得更高，让加盟店的市场发展前景可以变得更好。</p><p><br/></p><p>　　投资者加盟<strong>汤先生</strong>，就是想借助较大的品牌效应，从而帮助自己轻松地经营好品牌加盟店，并且吸引到更多的消费者进店，从而创造出更多的财富收益。而该品牌自诞生后，就一直在不断壮大品牌实力，积累下了大量的消费群体作为基础，这为品牌加盟店开业提供了极大的帮助，使得投资者开一家新店，可以在短时间内收获到丰厚的财富利润。</p><p><br/></p><p>　　所以，投资加盟商在这个市场上选择汤先生加盟开店的时候，投资加盟商一定要能够重视自己加盟店的市场发展收益的保障，这样投资加盟商在这个行业中的市场发展收益也就可以变得更好。那么，<strong>汤先生加盟</strong>品牌在这个市场上有着怎么样的市场发展收益，可以让加盟店的市场发展收益变得更好呢？</p><p><br/></p><p>　　当然，投资加盟商在这个市场上经营发展的时候，一定也是要能够重视自己加盟店的形象设计的保障，要能够重视对自己选择行业的了解，这样投资加盟商在这个市场上的发展收益也就可以变得更好，在这个行业中经营发展的过程中也就可以用于非常高的市场发展收益的保障。</p><p><br/></p>', '.', 0),
(10902, '3', '投资加盟汤先生需要多少加盟费？', '2018-10-08', '汤先生官网，汤先生汤馆，汤先生加盟费', '', NULL, '<p>　　汤是人们十分喜爱的一种美食，不少人在用餐之前，都会有品尝汤的一个习惯，无论是养生汤，还是很普通的一份汤，饭前喝汤都是一个不错的习惯。人们这么喜欢喝汤，这就给汤在市场上的地位提供了极大的促进，使得更多的汤店开业以后，能够有火爆的店铺生意。因此，投资者在选择创业项目的时候，就可以选择开一家汤店，通过自己的努力，将店铺经营好。</p><p><br/></p><p>　　所以，投资创业者在这个市场上选择汤先生加盟开店的时候，一定也是要能够重视自己加盟店的成本保障，要能够对自己选择的行业有所了解，这样投资创业者在这个行业中经营的时候，也就可以获得更好的保障。那么，汤先生加盟品牌在这个市场上有着怎么样的市场人气，可以让加盟店的收益变得更好呢？</p><p><br/></p><p>　　<a href="http://www.sucentaica.com.cn/" target="_self"><strong>汤先生</strong></a>作为火热的加盟品牌，该品牌能够为消费者提供众多美味可口的汤，都能够征服广大消费者的味蕾，因此，这个品牌深得投资者青睐。投资者加盟开店，要想确保品牌加盟店的收益，就得重视一些开店技巧的掌握，让加盟店的市场收益可以获得更好的保障，而开店的成本就是一个非常合适的选择。</p><p><br/></p><p style="text-align: center;"><img src="/ueditor/php/upload/image/20181008/1538970944274413.jpg" title="1538970944274413.jpg" alt="u=778066342,3256310629&amp;fm=26&amp;gp=0.jpg"/></p><p><br/></p><p>　　当然，想要在市场上收获创业的成功，<a href="http://www.sucentaica.com.cn/" target="_self"><strong>汤先生加盟</strong></a>店的投资创业者一定要能够重视自己加盟店的资金保障，这样投资创业者在这个行业中发展的时候，才能够更加正常的发展，让越来越多的加盟商可以在这个市场上获得盈利的保障。</p><p><br/></p>', '', 0),
(10903, '4', '想要提升汤品店业绩，汤先生品牌加盟教你', '2018-10-09', '汤先生官网，汤先生汤馆，汤先生加盟费', '', NULL, '<p style="line-height: 2em;"><span style="font-size: 14px;">　　汤先生加盟品牌在这个市场上发展前景一直都是有着非常高的市场发展优势，在这个市场上经营发展的过程中也都是赢得了非常多年轻人的关注，在这个行业中经营发展的过程中也都是赢得了非常多年轻人的喜爱，让越来越多的年轻人在这个市场上也都是可以收获更多年轻人的关注，获得非常高的市场发展收益的保障。</span></p><p><br/></p><p style="line-height: 2em;"><span style="font-size: 14px;">　　所以，投资加盟商在这个市场上选择汤先生加盟开店的时候，投资加盟商一定要能够重视自己加盟店的市场发展收益的保障，这样投资加盟商在这个行业中的市场发展收益也就可以变得更好。那么，汤先生加盟品牌在这个市场上有着怎么样的市场发展收益，可以让加盟店的市场发展收益变得更好呢？</span></p><p style="line-height: 2em;"><br/></p><p style="line-height: 2em;"><span style="font-size: 14px;">　　现如今，餐饮加盟行业在这个市场上一直都是非常热门的产业，在这个行业中也都是有着非常高的发展机遇，可以让越来越多的加盟商在这个市场上赢得更多年轻人的关注，获得更高的市场发展收益的保障，让越来越多的加盟商可以在这个行业中的市场发展收益变得更高，让加盟店的市场发展前景可以变得更好。</span></p><p><br/></p><p style="line-height: 2em;"><span style="font-size: 14px;">　　当然，投资加盟商在这个市场上经营发展的时候，一定也是要能够重视自己加盟店的形象设计的保障，要能够重视对自己选择行业的了解，这样投资加盟商在这个市场上的发展收益也就可以变得更好，在这个行业中经营发展的过程中也就可以用于非常高的市场发展收益的保障。</span></p><p><br/></p>', '.', 0),
(10904, '3', '面对汤先生汤品加盟店新手该如何经营', '2018-10-09', '汤先生官网，汤先生汤馆，汤先生加盟费', '', NULL, '<p style="line-height: 2em;"><span style="font-size: 14px;">　　<a href="http://www.sucentaica.com.cn/" target="_self"><strong>汤先生加盟</strong></a>行业在这个市场上一直都是有着非常高的市场人气，在这个行业中也都是赢得了非常多年轻人的喜爱，让越来越多的加盟商在这个行业中也都是赢得了非常高的市场人气的保障。而吸引消费者的技巧就是非常关键的，这是标志着加盟店能否获得成功的关键因素，投资加盟商在这个市场上发展的时候，一定要能够引起重视的。</span></p><p><br/></p><p style="line-height: 2em;"><span style="font-size: 14px;">　　根据目前市场上的行情，餐饮加盟行业一定是一个非常赚钱的项目，在这个行业中的市场发展收益也一定是有着非常高的市场发展收益，可以让越来越多的加盟商在这个行业中获得更好的市场发展前景的保障。不过，投资加盟商在这个市场上创业按照的时候，一定要能够重视一些开店技巧的掌握。</span></p><p style="line-height: 2em;"><span style="font-size: 14px;"><br/></span></p><p style="text-align: center;"><img src="/ueditor/php/upload/image/20181009/1539051505287366.jpg" title="1539051505287366.jpg" alt="u=778066342,3256310629&amp;fm=26&amp;gp=0.jpg"/></p><p><br/></p><p style="line-height: 2em;"><span style="font-size: 14px;">那么，<a href="http://www.sucentaica.com.cn/" target="_self"><strong>汤先生</strong></a>加盟品牌在这个行业中有着怎么样的市场发展收益，可以让加盟店的市场发展前景可以变得更好呢？</span></p><div><br/></div><p style="line-height: 2em;"><span style="font-size: 14px;">　　当然，投资加盟商在者行业中经营发展的时候，也是要能够重视一些开店技巧的掌握，要能够对自己选择的品牌有更多的了解，并且能够掌握好更多的经营技巧，这样投资加盟店在这个行业中的市场发展收益也就可以变得更好，这样在这个行业中也就可以赢得更好的市场发展收益的保障。</span></p><p><br/></p><p style="line-height: 2em;"><span style="font-size: 14px;">　　所以，投资加盟商在这个市场上选择<a href="http://www.sucentaica.com.cn/" target="_self"><strong>汤先生</strong></a>加盟开店的时候，一定要能够重视一些开店技巧的掌握，要能够重视自己加盟店的稳定发展，让加盟店的市场发展收益可以变得更好。</span></p>', '', 0),
(10905, '3', '选择汤先生加盟，人气保障稳定盈利', '2018-10-10', '汤先生官网，汤先生汤馆，汤先生加盟费', '', NULL, '<p style="line-height: 2em;"><span style="font-size: 14px;">　　<strong>汤先生</strong>加盟品牌在这个市场上一直都是有着非常高的市场发展前景，在这个市场上经营的时候，也都获得了非常多年轻人的关注，让越来越多的年轻人在这个市场上创业的时候，也都收获了非常多年轻人的喜爱，让加盟店在这个市场上创业的时候，可以获得更高的市场人气的保障。</span></p><p><br/></p><p style="line-height: 2em;"><span style="font-size: 14px;">　　随着餐饮加盟行业在这个市场上不断稳定的发展，越来越多的年轻人在这个市场上经营的过程中也都是获得了非常多年轻人的关注，在这个市场上经营发展的时候，也都赢得了非常高的市场关注度，让加盟店在这个行业中的收益获得了非常高的保障。不过，投资加盟商在这个行业中发展的时候，一定也是要能够重视一些开店技巧的掌握。</span></p><p style="line-height: 2em;"><br/></p><p style="line-height: 2em;"><span style="font-size: 14px;">　　所以，投资加盟商在市场上选择汤先生品牌加盟开店的时候，一定要能够重视一些开店技巧的掌握，要能够让加盟店在这个行业中的收益可以变得更好。那么，<strong>汤先生加盟</strong>品牌在这个行业中有着怎么样的市场发展收益，可以让越来越多的年轻人在这个行业中的发展前景变得更好呢？</span></p><p><br/></p><p style="line-height: 2em;"><span style="font-size: 14px;">　　当然，投资加盟商在这个行业中创业发展的时候，一定也是要能够重视一些开店技巧的掌握，要能够让越来越多的年轻人可以在这个市场上发展的过程中，可以收获更多年轻人的喜爱，这样投资创业者在这个行业中发展的过程中，也都可以获得更加稳定的收益保障。</span></p><p><br/></p>', '..', 0),
(10906, '3', '汤品加盟店想要获得高利润该怎么做？', '2018-10-10', '汤先生官网，汤先生汤馆，汤先生加盟费', '', NULL, '<p style="line-height: 2em;"><span style="font-size: 14px;">　　餐饮加盟行业在这个行业中一直都是有着非常高的市场人气，在这个行业中发展的过程中，也都是赢得了非常多年轻人的喜爱，让越来越多的加盟商在这个市场上经营的时候，也都可以赢得更多年轻人的关注，让加盟店的市场收益可以变得更好。不过，投资创业者在这个行业中经营的时候，一定也是要能够重视自己加盟店的利润保障。</span></p><p><br/></p><p style="line-height: 2em;"><span style="font-size: 14px;">　　当然，投资创业者在这个市场上创业发展的时候，一定也是要能够重视一些开店技巧的在韩文歌，要能够重视自己加盟店的店铺形象，这样投资加盟商在这个行业中经营发展的时候，也就可以赢得更多年轻人的喜爱，让加盟店的市场收益可以变得更好，这样投资创业者在这个行业中的前景变得更好。</span></p><p style="line-height: 2em;"><br/></p><p style="line-height: 2em;"><span style="font-size: 14px;">　　<strong>汤先生</strong>加盟店的投资加盟商在这个市场上创业的时候，一定也是要能够重视一些开店技巧的掌握，特别是要能够重视自己加盟店的店铺选址，一个合适的店铺地址一定可以让非常多的年轻人在这个行业中的前景变得更好，让加盟商在这个市场上也都可以获得更高的收益保障。</span></p><p><br/></p><p style="line-height: 2em;"><span style="font-size: 14px;">　　所以，投资加盟商在这个行业中经营发展的时候，一定要能够重视一些开店技巧的掌握，让加盟店的市场收益可以变得更好。那么，<strong>汤先生加盟</strong>品牌在这个市场上有着怎么样的市场人气，可以让越来越多的年轻人在这个行业中的收益变得更好，在这个行业中的发展前景也都可以收获更多年轻人的喜爱呢？</span></p><p><br/></p>', '.', 0),
(10907, '3', '汤先生加盟，都市生活广州一族的营养食谱', '2018-10-11', '汤先生官网，汤先生汤馆，汤先生加盟费', '', NULL, '<p style="line-height: 2em;"><span style="font-size: 14px;">　　</span><span style="font-size: 14px;"><strong>汤先生</strong></span><span style="font-size: 14px;">公司以“营养汤品”经营为特色，采取“统一原料、统一制作、统一配送、统一管理”的操作方法。高标准的中央厨房和配送中心，利用先进的工业技术，将复杂的中式餐饮制作转移到高度标准化的生产流程上来，由配送中心将高品质成品运送到各门店进行销售，无须二次加工。汤先生达到了食品制作的标准化、快餐服务的迅捷化。按照ISO9004体系建立的卫生安全标准与要求，确保所有门店销售统一的、安全的、合格的各式餐品。</span></p><p><br/></p><p style="line-height: 2em;"><span style="font-size: 14px;">　　汤品结构涵盖美味营养系列、美容养颜系列、养生滋补系列、预订功效汤系列。据公司市场消费调查显示：（截至09年3月）一般顾客满意度高达惊人的 93%，老顾客养成指数：75%。其中女性消费者光顾汤宝饱比例很高，达67%，大多数女性顾客青睐营养、养颜美容系列汤品。在有兴趣加盟汤先生的人当中，女性比例亦高达70%以上。白领和写字楼一族较高收入人群占消费总人数的65%以上。</span></p><p style="line-height: 2em;"><span style="font-size: 14px;"><br/></span></p><p style="line-height: 2em;"><span style="font-size: 14px;">　　提供一年四季功效不同、美味无穷的煲汤产品，搭配蔬菜、水果、米饭和各式健康食品，为都市生活工作一族提供优佳养身健康食谱。</span></p><p><br/></p><p style="line-height: 2em;"><span style="font-size: 14px;">　　现代科学研究表明：慢火熬制的汤品，能很大限度促成原料蛋白质、胶质、钙等鲜香养分的渗透，且最易被人体吸收，适合于最广泛的消费人群。从儿童到老人，各种职业，不同性别均能受益。</span></p><p><br/></p><p style="line-height: 2em;"><span style="font-size: 14px;">　　我们深知企业经营概念之重要性。先拥有好的产品概念，才能去拓展更广阔美好的市场。</span><span style="font-size: 14px;"><strong>汤先生</strong></span><span style="font-size: 14px;">的产品概念源于历史悠久的“汤文化”和“汤传统”，俗语云：宁可食无肉，不可啖无汤。有关于喝汤的好处，似乎是所有民族，不分国籍和地域，都一直是耳濡目染和深入人心的。</span></p><p><br/></p><p><br/></p><p><br/></p>', '.', 0);
INSERT INTO `article` (`id`, `column`, `title`, `date`, `keywords`, `description`, `brand`, `context`, `img_url`, `hit`) VALUES
(10908, '3', '选择汤先生加盟创业的成功率高不高', '2018-10-11', '汤先生官网，汤先生汤馆，汤先生加盟费', '', NULL, '<p style="margin-top: 0px; margin-bottom: 0px; padding: 0px; border: 0px; font-size: 14px; color: rgb(102, 102, 102); font-family: 微软雅黑; white-space: normal; background-color: rgb(255, 255, 255); text-indent: 2em; line-height: 2em;">要说现在什么行业比较好了，很多人的第一回答都会是餐饮行业，选择一个好的项目就是一个是非常重要的事情了，而对于很多创业者来说选择<strong>汤先生</strong>，创业成功率将提升很多。这不仅仅是因为它有着广阔的市场，而是其学习简单，最难的酱料都是由总部统一发放的，可以让新手快速开店盈利。<a href="http://www.txstg.com/" style="margin: 0px; padding: 0px; border: 0px; text-decoration-line: none; outline: none; color: rgb(102, 102, 102);">汤先生加盟</a>店可以为创业者带来实际的收益，同时还能让创业者有更多的选择，因此也吸引着更多的人加入汤先生这个大家庭。</p><p style="margin-top: 0px; margin-bottom: 0px; padding: 0px; border: 0px; font-size: 14px; color: rgb(102, 102, 102); font-family: 微软雅黑; white-space: normal; background-color: rgb(255, 255, 255); text-indent: 2em; line-height: 2em;"><br/></p><p style="margin-top: 0px; margin-bottom: 0px; padding: 0px; border: 0px; font-size: 14px; color: rgb(102, 102, 102); font-family: 微软雅黑; white-space: normal; background-color: rgb(255, 255, 255); text-indent: 2em;">汤先生是一道特色的美食，让选择汤先生的创业者，创业成功率将提升很多。进一步实现大家奔小康的梦想。凭借着独特的味道成为广大消费者的美味，汤先生采用百年老配方，结合现代的先进技术，给消费者带来了另类的体验，因此吸引了大量的消费者，所以现在选择汤先生是不会错的，不仅市场前景好，而且操作流程简单，是创业者的不二选择。</p><p style="margin-top: 0px; margin-bottom: 0px; padding: 0px; border: 0px; font-size: 14px; color: rgb(102, 102, 102); font-family: 微软雅黑; white-space: normal; background-color: rgb(255, 255, 255); text-indent: 2em;"><br/></p><p style="text-align: center; margin-top: 0px; margin-bottom: 0px; padding: 0px; border: 0px; font-size: 14px; color: rgb(102, 102, 102); font-family: 微软雅黑; white-space: normal; background-color: rgb(255, 255, 255); text-indent: 2em;"><br/></p><p style="margin-top: 0px; margin-bottom: 0px; padding: 0px; border: 0px; font-size: 14px; color: rgb(102, 102, 102); font-family: 微软雅黑; white-space: normal; background-color: rgb(255, 255, 255); text-indent: 2em;"><br/></p><p style="margin-top: 0px; margin-bottom: 0px; padding: 0px; border: 0px; font-size: 14px; color: rgb(102, 102, 102); font-family: 微软雅黑; white-space: normal; background-color: rgb(255, 255, 255); text-indent: 2em; line-height: 2em;">选择<strong>汤先生加盟</strong>，创业成功率将提升很多，这并不是说说而已，而是有其优点可以让新人上手。汤先生总部对店面的空间没有严格的要求，就算是10几平方米的空间，也可以开起一家牛肉汤店，同时总部有20多种经营的方式，可以让创业者根据地区的特点来运营，不管是在人流量非常大的地方，还是比较偏远的地方都可以加盟开店，因此说选择汤先生是非常简单的，该项目可以让每一位创业者走向成功的道路，创业成功率将提升很多。</p><p style="margin-top: 0px; margin-bottom: 0px; padding: 0px; border: 0px; font-size: 14px; color: rgb(102, 102, 102); font-family: 微软雅黑; white-space: normal; background-color: rgb(255, 255, 255); text-indent: 2em;"><br/></p><p style="margin-top: 0px; margin-bottom: 0px; padding: 0px; border: 0px; font-size: 14px; color: rgb(102, 102, 102); font-family: 微软雅黑; white-space: normal; background-color: rgb(255, 255, 255); text-indent: 2em; line-height: 2em;">如果你想成功创业的话，就可以选择加盟<strong>SoupMaster汤先生</strong>，品牌总部作为你创业致富的有利保障，给予你们众多的扶持和帮助，使得品牌加盟店的发展得到保障。因此，投资早日加盟开店，早日就可以得到完善的保障，从而发家致富。</p><p><br/></p>', '..', 0),
(10909, '3', '汤先生实力品牌，值得加盟信赖', '2018-10-12', '汤先生官网，汤先生汤馆，汤先生加盟费', '', NULL, '<p>　　作为餐饮行业的投资者在选择行业投资目标的时候，除了考察品牌的知名度之外，最重要的还是要看一下品牌商的实力如何，<strong>汤先生</strong>硬实力强大值得信赖，自然能得到消费者和投资者的信赖。</p><p><br/></p><p>　　该品牌之所以能在这样的一个经济环境下崛起，一方面是我们的所说的运气成分，但是更为主要的还是汤先生最开始给自己的方向定位以及发展策略都是极其的正确的。正因为正确的方向，汤先生才会有今天的成就。一直以来，小编都在强烈的推荐汤先生这个快餐项目汤先生硬实力强大值得信赖。</p><p><br/></p><p>　　门店的经营指导。虽然是西式快餐，属于被动型的消费类型，但是也可以化被动为主动。<strong>汤先生</strong>总部专业的经营销售精英为给门店的运营出谋划策，营销方式或许不是最好的，但一定是最适合您的一种方法，专人指导，组织门店的活动等，增加消费者对于门店的粘性。</p><p><br/></p><p>　　细节上的提升，升级门店装修装饰，门店产品优化，员工的服务优化，即使是门店的招牌或者是设计的涂鸦最好是隔一段时间换一次，给消费者不一样的感受，增加消费者的好奇心，同时也会更加的吸引消费者。</p><p><br/></p><p>　　<strong>汤先生加盟</strong>店的售后服务品质。虽然汤先生是快餐餐饮方面的项目，很多人都觉得餐饮不会有什么售后的保障，更何况是快餐这样的一次性消费品，但在汤先生并不是如此。</p><p><br/></p><p>　　如果你想成功创业的话，就可以选择加盟SoupMaster汤先生汤馆，品牌总部作为你创业致富的有利保障，给予你们众多的扶持和帮助，使得品牌加盟店的发展得到保障。因此，投资早日加盟开店，早日就可以得到完善的保障，从而发家致富。</p><p><br/></p>', '.', 0),
(10910, '3', '汤先生加盟如何保障其加盟店的前景发展', '2018-10-12', '汤先生官网，汤先生汤馆，汤先生加盟费', '', NULL, '<p>　　餐饮加盟行业在这个市场上一直都是有着非常高的市场人气，在这个行业中也都是有着非常高的市场前景，让越来越多的年轻人在这个行业中收获了创业的成功。不过，投资创业者在这个市场上发展的时候，一定也是要能够重视自己加盟店的市场发展盈利，让加盟店的收益可以变得更好。</p><p><br/></p><p>　　所以，投资创业者在这个行业中开一家<strong>汤先生</strong>加盟店的时候，投资加盟商一定要能够重视自己加盟店的市场盈利，要能够让越来越多的投资创业者获得更高的收益保障。那么，汤先生加盟品牌店在这个市场上发展的时候，应该要如何盈利，让加盟店的市场收益可以变得更好，让加盟店的前景可以得到保障呢？</p><p><br/></p><p>　　<strong>汤先生加盟</strong>店的投资创业者在这个行业中发展的过程中，一定要能够实在经营，要能够诚信收益，这样投资加盟商在这个行业中发展的过程中也就可以获得更好的收益保障，让加盟店的市场发展前景可以变得更好，在行业中也都可以获得更高的收益保障，在市场上的发展收益也都可以变得更好。</p><p><br/></p><p>　　当然，投资创业者在这个市场上创业的时候，投资创业者一定也是要能够勇于创新，这样加盟商在这个行业中经营的过程中也都可以不断的发展，让加盟商在这个市场上的收益可以变得更好，这样加盟商在这个行业中创业发展的时候，也就可以赢得更多年轻人的关注，让加盟店的市场收益可以变得更高。</p><p><br/></p>', '.', 0),
(10911, '3', '实力品牌汤先生加盟，确保每个加盟店都生意火爆', '2018-10-13', '汤先生官网，汤先生汤馆，汤先生加盟费', '', NULL, '<p style="line-height: 2em;">　　经济水平不断提高，人们在外就餐次数也明显增加，其中<strong>汤先生</strong>加盟实力品牌生意红火，在市场上的口碑是很不错的，征服了一众吃货们，选择开店之后不用担心没有市场的问题，只要是好好经营成功很简单，接下来就跟随小编一起来看看它的优势吧！</p><p><br/></p><p style="line-height: 2em;">　　餐饮界的食品在市场上是非常受欢迎，汤先生炭火汤作为一个人气指数非常高的品牌，让投资者可以放心的去开店。同时这是一个很值得投资者信赖的加盟品牌，实力非常突出，发展很是良好。</p><p style="text-align: center;"><br/></p><p style="line-height: 2em;">　　汤是非常美味的，是非常诱人的，作为一个选址比较灵活的品牌，让投资者可以放心的去开加盟连锁店，它整店输出，料包配送，标准操作，复合经营，广聚客源，轻松做大。</p><p><br/></p><p style="line-height: 2em;">　　该品牌是现在很多人都信赖的项目，也是一个坚持创新的品牌，让消费者对其十分满意，开店优势更是十分明显。<strong>汤先生</strong>实力品牌生意红火，不仅仅是因为它的味道好，而且同时它的价格亲民，让投资者没有任何资金压力即可开店做生意。因此，投资者放心加盟，跟随品牌总部的步伐，就可以为加盟店带来丰厚的财富收益，这样好的致富项目，你还不来加盟吗？</p><p><br/></p>', '..', 0),
(10912, '3', '现在创业投资什么项目比较好，汤先生加盟成就你的创业梦想', '2018-10-13', '汤先生官网，汤先生汤馆，汤先生加盟费', '', NULL, '<p style="line-height: 2em;">　　朝九晚五的生活看上去十分美好，但是很难创造出丰厚的财富收益，毕竟工作只是在为别人创造财富，人们要想发家致富，就得自主创业，只有创业才能够打破目前的生活状态，使得生活更加多姿多彩。那么投资者要想成功创业的话，他们应该选择哪个创业项目才好呢？根据目前的市场状况来看，我们会发现开一家汤加盟店就是一个不错的选择，特别是投资者选择加盟<strong>汤先生</strong>，就可以为自身带来诸多的加盟优势，从而保证加盟店拥有火爆的店铺生意。因此，投资者要想顺利地经营好一家汤加盟店，就快来加盟吧。</p><p style="line-height: 2em;"><br/></p><p style="line-height: 2em;">　　<strong>汤先生</strong>在市场中发展多年，用自己的努力换来了更加壮大的品牌，并且成为市场中的佼佼者，受到了更多消费者们的青睐与支持。该品牌好吃不贵，人人喜爱，在国内餐饮市场很是受欢迎。并且它的投资成本不高，只需要创业投资者们准备几万元的资金即可加盟立店，总部扶持丰富，轻松发展。投资者要想早日盈利的话，就快来加盟吧。</p><p><br/></p><p style="line-height: 2em;">　　<strong>汤先生</strong>作为汤行业里的佼佼者，该品牌就非常适合广大投资者进行加盟，毕竟品牌在市场上的知名度和影响力极高，赢得了广大消费者的认可和喜爱，深受消费者喜爱，他们都想进店品尝，毕竟每一家品牌加盟店所采用的原材料都是由品牌总部提供，确保了原材料的品质，为的就是保证制作出来的食物口感极佳，能够满足每一位消费者的味蕾需求。因此，投资者要是选择开这么一家品牌加盟店，就一定要把握好这个绝佳的创业机会。</p><p><br/></p>', '..', 0),
(10913, '3', '汤先生凭借着高品质的产品打开市场', '2018-10-15', '汤先生官网，汤先生汤馆，汤先生加盟费', '', NULL, '<p style="margin-top: 0px; margin-bottom: 0px; padding: 0px; border: 0px; font-size: 14px; color: rgb(102, 102, 102); font-family: 微软雅黑; white-space: normal; background-color: rgb(255, 255, 255); text-indent: 2em; line-height: 2em;">汤在中国社会有着非常悠久的历史，一提到汤，想必人们对此不会感到陌生，甚至还可以说出几款经典美味的汤。广东人会吃东西，他们习惯于用餐之前品尝一份汤，这样可以起到开胃的效果，并且有效地保护了胃部。人们在生活水平提高了以后，越发地重视喝汤，这就使得汤在市场上的销量有了显著地增加。</p><p style="margin-top: 0px; margin-bottom: 0px; padding: 0px; border: 0px; font-size: 14px; color: rgb(102, 102, 102); font-family: 微软雅黑; white-space: normal; background-color: rgb(255, 255, 255); text-indent: 2em; line-height: 2em;"><br/></p><p style="margin-top: 0px; margin-bottom: 0px; padding: 0px; border: 0px; font-size: 14px; color: rgb(102, 102, 102); font-family: 微软雅黑; white-space: normal; background-color: rgb(255, 255, 255); text-indent: 2em; line-height: 2em;"><strong>汤先生</strong>作为汤行业里的领先品牌，品牌实力雄厚，并且凭借着众多美味可口的汤引领了整个市场，得到了诸多消费者的认可和喜爱。投资者要是加盟开店，就可以凭借着高品质的产品打开市场，并且拥有更加火爆的店铺生意。</p><p style="margin-top: 0px; margin-bottom: 0px; padding: 0px; border: 0px; font-size: 14px; color: rgb(102, 102, 102); font-family: 微软雅黑; white-space: normal; background-color: rgb(255, 255, 255); text-indent: 2em; line-height: 2em;"><br/></p><p style="margin-top: 0px; margin-bottom: 0px; padding: 0px; border: 0px; font-size: 14px; color: rgb(102, 102, 102); font-family: 微软雅黑; white-space: normal; background-color: rgb(255, 255, 255); text-indent: 2em; line-height: 2em; text-align: center;"></p><p style="margin-top: 0px; margin-bottom: 0px; padding: 0px; border: 0px; font-size: 14px; color: rgb(102, 102, 102); font-family: 微软雅黑; white-space: normal; background-color: rgb(255, 255, 255); text-indent: 2em; line-height: 2em;"><br/></p><p style="margin-top: 0px; margin-bottom: 0px; padding: 0px; border: 0px; font-size: 14px; color: rgb(102, 102, 102); font-family: 微软雅黑; white-space: normal; background-color: rgb(255, 255, 255); text-indent: 2em; line-height: 2em;">汤先生的汤，精选煲汤原料，用标准化的设备和蒸炖工艺，以足量食材精心熬煮出天然的饱和鲜味。热销款「大大鸡腿汤」，在隔水蒸炖2小时的老母鸡汤里，依食材所需的蒸炖时间，分次加入大鸡腿、霸王花、虫草花和香菇，再蒸炖2小时，才得一碗汤鲜味美、香气四溢、营养丰富的大大鸡腿汤。每一份汤汁浓郁的汤，都是经过经营者小火烹煮，为的就是保障每一份产品的口感。</p><p style="margin-top: 0px; margin-bottom: 0px; padding: 0px; border: 0px; font-size: 14px; color: rgb(102, 102, 102); font-family: 微软雅黑; white-space: normal; background-color: rgb(255, 255, 255); text-indent: 2em; line-height: 2em;"><br/></p><p style="margin-top: 0px; margin-bottom: 0px; padding: 0px; border: 0px; font-size: 14px; color: rgb(102, 102, 102); font-family: 微软雅黑; white-space: normal; background-color: rgb(255, 255, 255); text-indent: 2em; line-height: 2em;"><strong>汤先生</strong>的汤馆，用纯白的概念渗透无添加的理念。白色是一种治愈系的颜色，当你刚刚结束一上午的繁忙，伸伸胳膊转转脖子，下楼寻觅一顿美食，一家纯白色的汤馆可以治愈你疲惫的身心。白色是一种无添加的颜色，当你放下繁重的工作，穿过拥挤的人群，孑然而自得的时候，一家纯白色的汤馆可以让你自外而内地安静下来。</p><p style="margin-top: 0px; margin-bottom: 0px; padding: 0px; border: 0px; font-size: 14px; color: rgb(102, 102, 102); font-family: 微软雅黑; white-space: normal; background-color: rgb(255, 255, 255); text-indent: 2em; line-height: 2em;"><br/></p><p style="margin-top: 0px; margin-bottom: 0px; padding: 0px; border: 0px; font-size: 14px; color: rgb(102, 102, 102); font-family: 微软雅黑; white-space: normal; background-color: rgb(255, 255, 255); text-indent: 2em; line-height: 2em;">投资者要想加盟<strong>SoupMaster汤先生</strong>汤馆，他们就可以通过品牌官网留言，或者是拨打加盟热线，早日加盟的话，就可以跟随品牌总部一起努力，一同把这个品牌经营好，从而收获到更多的财富，轻松实现自己的创业梦想。</p><p><br/></p>', '.', 0),
(10914, '3', '汤先生汤馆2018火爆加盟项目，值得广大投资者加盟', '2018-10-15', '汤先生官网，汤先生汤馆，汤先生加盟费', '', NULL, '<p style="margin-top: 0px; margin-bottom: 0px; padding: 0px; border: 0px; font-size: 14px; color: rgb(102, 102, 102); font-family: 微软雅黑; white-space: normal; background-color: rgb(255, 255, 255); line-height: 2em; text-indent: 2em;">现如今有很多人对于自己现在的收入水平不满意，也对自己的生活水平不满足，而在2017的时候生意都比较难做。而到了2018年，很多人都觉得自己可以投资创业，选择一个适合自己的创业项目，就可以发家致富。在当下市场里，我们会发现市场上涌现出了众多的加盟品牌，而<strong>汤先生</strong>正是一个十分火爆的加盟品牌，非常适合广大投资者前来加盟开店。</p><p style="margin-top: 0px; margin-bottom: 0px; padding: 0px; border: 0px; font-size: 14px; color: rgb(102, 102, 102); font-family: 微软雅黑; white-space: normal; background-color: rgb(255, 255, 255); line-height: 2em; text-indent: 2em;"><br/></p><p style="margin-top: 0px; margin-bottom: 0px; padding: 0px; border: 0px; font-size: 14px; color: rgb(102, 102, 102); font-family: 微软雅黑; background-color: rgb(255, 255, 255); line-height: 2em; text-indent: 2em;">作为现在加盟项目中，比较火爆的餐饮行业，汤先生具有众多的优势，可以让投资者快速打开本地市场，不仅味道鲜美，而且还非常的健康，因此吸引了大量用户的目光，汤先生是2018年很火的加盟项目，其以丰富的产品和淮南本地的特色优势，给广大用户提供一种美味的食品。</p><p style="margin-top: 0px; margin-bottom: 0px; padding: 0px; border: 0px; font-size: 14px; color: rgb(102, 102, 102); font-family: 微软雅黑; background-color: rgb(255, 255, 255); line-height: 2em; text-indent: 2em;"><br/></p><p style="margin-top: 0px; margin-bottom: 0px; padding: 0px; border: 0px; font-size: 14px; color: rgb(102, 102, 102); font-family: 微软雅黑; white-space: normal; background-color: rgb(255, 255, 255); line-height: 2em; text-indent: 2em;">随着大家生活节奏的加快，每天人们的时间变得有点紧张，大部分人们都是在外面就餐，这个比重还在持续增加中，在这个环境下，餐饮加盟更是被大量的创业者所选中，而小吃作为我国影响力比较广的一类，在市场中占有大量的份额，其发展的前景也是飞铲好的。今天我就为大家详细介绍一下<strong>汤先生</strong>，是2018年很火的加盟项目，希望大家可以选择到自己的创业之路。</p><p style="margin-top: 0px; margin-bottom: 0px; padding: 0px; border: 0px; font-size: 14px; color: rgb(102, 102, 102); font-family: 微软雅黑; white-space: normal; background-color: rgb(255, 255, 255); line-height: 2em; text-indent: 2em;"><br/></p><p style="margin-top: 0px; margin-bottom: 0px; padding: 0px; border: 0px; font-size: 14px; color: rgb(102, 102, 102); font-family: 微软雅黑; white-space: normal; background-color: rgb(255, 255, 255); line-height: 2em; text-indent: 2em;">虽然是汤先生只是一种汤类食品，但是你可不要小看他，其中有着非常高的营养价值开春季节食用具有强筋健骨的效果，夏天天气炎热的时候食用，具有清热、开胃健脾的作用，秋天天气干燥，食用汤先生还能去火、恢复元气，而在天气非常寒冷的冬天，则可以起到暖胃的功效，大补大益。因此它的市场前景是很好的，不需要投资者担心没有客源的问题。因此有创业之心的朋友赶快加盟<strong>汤先生</strong>吧，汤先生是2018年很火的加盟项目一定不会让你失望的。</p><p><br/></p>', '.', 0),
(10915, '3', '汤先生加盟汤馆想要寻找合适的店铺地址该怎样做？', '2018-10-16', '汤先生官网，汤先生汤馆，汤先生加盟费', '', NULL, '<p>　　<strong>汤先生</strong>的品牌名气，正是通过美味的产品来打开市场，从而赢得更多消费者的认可和喜爱。该品牌制作的所有产品，都是采用新鲜优质的食材来制作，通过娴熟的制作技术，为消费者提供众多美味的产品，自然能够赢得消费者的喜爱。如果投资者要是加盟这个品牌，无疑是一个不错的创业机会，不过投资者要想开店成功的话，就得寻找到合适的店址地址，毕竟店址是影响店铺的关键所在，那么投资者应该如何寻找呢？</p><p><br/></p><p>　　选择投资汤先生，在选址的时候对于店面附近的环境也要十分注重。店面附近的街道环境要做到干净整洁，这样店面的整体形象也就更好了。除此之外，店面也要在鲜艳的位置，能让消费者一眼就看到招牌，这样更能为加盟店吸引顾客。在选址的时候注意这些地方，选择的店址更合适。</p><p><br/></p><p>　　在开店选址的时候需要注意，对当地消费者的消费水平需要进行一个市场调查。在选址之前最好确定自己的目标客户群体，这样根据目标客户群体选择店址，店内的客流量也会比较多。其次在选址的时候也要根据店内产品的价格选择店址，选择一个产品价格能被绝大多数消费者接受的地段是最好的。</p><p><br/></p><p>　　当然，开店选择在人流量大的区域能够保证店内的客流量，但是这样的地区店面的租金会比较贵，是很多投资者不能接受的，这样的店面也非常容易出现入不敷出的情况。在无法承担黄金地段店面租金的条件下，选择在商业区附近区域的店面也是不错的选择，这些地方的人流量较多，店面的租金也比较低，更容易回本。</p><p><br/></p>', '.', 0),
(10916, '3', '想要加盟投资汤先生加盟汤馆需要注意什么？', '2018-10-16', '汤先生官网，汤先生汤馆，汤先生加盟费', '', NULL, '<p style="line-height: 2em;">　　<strong>汤先生</strong>的品牌名气正是凭借着众多美味的汤品，征服了广大消费者的味蕾，从而让他们喜欢上这一品牌。该品牌制作出来的汤产品十分美味，营养丰富，一年四季都是人们喜爱的养生美食。现在的餐饮市场潮流就是追求健康养生美食，而该品牌正可以为消费者提供相适应的产品，自然深得广大消费者认可和喜爱。因此，投资者要是加盟SoupMaster汤先生，他们就可以拥有众多的加盟优势，不过投资者要想加盟成功开店的话，就得格外注意众多的事项，那么这些事项有哪些呢？</p><p><br/></p><p style="line-height: 2em;">　　<strong>产品品质</strong>。汤先生在市场中是一个知名度非常高的大品牌，对于自己的产品自然也是有着非常严格的要求。只有将产品做好了才能为加盟店吸引来更多消费者的，让加盟店在消费者中树立一个良好的口碑。所以投资者在经营的时候一定要真材实料制作每一份产品，坚持为消费者制作高品质的产品，这样店面才能稳定的发展下去。</p><p style="text-align: center;"></p><p style="line-height: 2em;">　　<strong>考察市场</strong>。开<strong>汤先生</strong>的加盟店之前要对当地的市场进行考察，只有对当地的市场有了足够的了解才能知道消费者的需求，根据消费者的需求对产品进行改良，对店面进行装修设计，这样加盟店吸引来更多消费者。</p><p><br/></p><p style="line-height: 2em;">　　<strong>资金规划</strong>。开店肯定需要资金，投资者需要准备好充足的资金，这样才能顺利地开店经营。在资金方面要做到的就是合理规划，该花就花，该省钱就省钱。在开店经营期间也要保证有充足的周转资金，这样加盟店才能顺利地经营。</p><p><br/></p>', '.', 0),
(10917, '3', '汤先生加盟经营轻松，实力品牌值得信赖', '2018-10-17', '汤先生官网，汤先生汤馆，汤先生加盟费', '', NULL, '<p style="text-indent: 2em; line-height: 2em;"><span style="font-size: 14px;">朝九晚五的生活看上去十分美好，但是很难创造出丰厚的财富收益，毕竟工作只是在为别人创造财富，人们要想发家致富，就得自主创业，只有创业才能够打破目前的生活状态，使得生活更加多姿多彩。那么投资者要想成功创业的话，他们应该选择哪个创业项目才好呢？根据目前的市场状况来看，我们会发现开一家汤加盟店就是一个不错的选择，特别是投资者选择加盟<strong>汤先生</strong>，就可以为自身带来诸多的加盟优势，从而保证加盟店拥有火爆的店铺生意。因此，投资者要想顺利地经营好一家汤加盟店，就快来加盟吧。<br/></span></p><p style="text-indent: 2em; line-height: 2em;"><br/></p><p style="text-indent: 2em; line-height: 2em;"><strong><span style="font-size: 14px;">汤先生</span></strong><span style="font-size: 14px;">作为汤行业里的佼佼者，该品牌就非常适合广大投资者进行加盟，毕竟品牌在市场上的知名度和影响力极高，赢得了广大消费者的认可和喜爱，深受消费者喜爱，他们都想进店品尝，毕竟每一家品牌加盟店所采用的原材料都是由品牌总部提供，确保了原材料的品质，为的就是保证制作出来的食物口感极佳，能够满足每一位消费者的味蕾需求。因此，投资者要是选择开这么一家品牌加盟店，就一定要把握好这个绝佳的创业机会。</span></p><p><br/></p><p style="text-indent: 2em; line-height: 2em;"><strong><span style="font-size: 14px;">汤先生</span></strong><span style="font-size: 14px;">在市场中发展多年，用自己的努力换来了更加壮大的品牌，并且成为市场中的佼佼者，受到了更多消费者们的青睐与支持。该品牌好吃不贵，人人喜爱，在国内餐饮市场很是受欢迎。并且它的投资成本不高，只需要创业投资者们准备几万元的资金即可加盟立店，总部扶持丰富，轻松发展。投资者要想早日盈利的话，就快来加盟吧。</span></p><p><br/></p>', '..', 0),
(10918, '3', '汤先生加盟助你实现创业奔小康的梦想', '2018-10-17', '汤先生官网，汤先生汤馆，汤先生加盟费', '', NULL, '<p style="line-height: 2em; text-indent: 2em;"><span style="font-size: 14px;">要说现在什么行业比较好了，很多人的第一回答都会是餐饮行业，选择一个好的项目就是一个是非常重要的事情了，而对于很多创业者来说选择<strong>汤先生</strong>，创业成功率将提升很多。这不仅仅是因为它有着广阔的市场，而是其学习简单，最难的酱料都是由总部统一发放的，可以让新手快速开店盈利。汤先生加盟店可以为创业者带来实际的收益，同时还能让创业者有更多的选择，因此也吸引着更多的人加入汤先生这个大家庭。</span></p><p><br/></p><p style="line-height: 2em; text-indent: 2em;"><span style="font-size: 14px;">选择汤先生，创业成功率将提升很多，这并不是说说而已，而是有其优点可以让新人上手。<strong>汤先生加盟</strong>总部对店面的空间没有严格的要求，就算是10几平方米的空间，也可以开起一家牛肉汤店，同时总部有20多种经营的方式，可以让创业者根据地区的特点来运营，不管是在人流量非常大的地方，还是比较偏远的地方都可以加盟开店，因此说选择汤先生是非常简单的，该项目可以让每一位创业者走向成功的道路，创业成功率将提升很多。</span></p><p style="line-height: 2em; text-indent: 2em;"><span style="font-size: 14px;"><br/></span></p><p style="line-height: 2em; text-indent: 2em;"><span style="font-size: 14px;">汤先生是一道特色的美食，让选择汤先生的创业者，创业成功率将提升很多。进一步实现大家奔小康的梦想。凭借着独特的味道成为广大消费者的美味，汤先生采用百年老配方，结合现代的先进技术，给消费者带来了另类的体验，因此吸引了大量的消费者，所以现在选择汤先生是不会错的，不仅市场前景好，而且操作流程简单，是创业者的不二选择。</span></p><p><br/></p><p style="line-height: 2em; text-indent: 2em;"><span style="font-size: 14px;">如果你想成功创业的话，就可以选择加盟<strong>SoupMaster汤先生</strong>，品牌总部作为你创业致富的有利保障，给予你们众多的扶持和帮助，使得品牌加盟店的发展得到保障。因此，投资早日加盟开店，早日就可以得到完善的保障，从而发家致富。</span></p><p><br/></p>', '.', 0),
(10919, '3', '汤先生汤馆为都市生活工作一族提供健康养生食谱快餐', '2018-10-18', '汤先生官网，汤先生汤馆，汤先生加盟费', '', NULL, '<p>　　<strong>汤先生</strong>公司以“营养汤品”经营为特色，采取“统一原料、统一制作、统一配送、统一管理”的操作方法。高标准的中央厨房和配送中心，利用先进的工业技术，将复杂的中式餐饮制作转移到高度标准化的生产流程上来，由配送中心将高品质成品运送到各门店进行销售，无须二次加工。并提供一年四季功效不同、美味无穷的煲汤产品，搭配蔬菜、水果、米饭和各式健康食品，为都市生活工作一族提供优佳养身健康食谱。</p><p style="text-align: center;"></p><p><br/></p><p>　　汤品结构涵盖美味营养系列、美容养颜系列、养生滋补系列、预订功效汤系列。据公司市场消费调查显示：（截至09年3月）一般顾客满意度高达惊人的 93%，老顾客养成指数：75%。其中女性消费者光顾汤先生比例很高，达67%，大多数女性顾客青睐营养、养颜美容系列汤品。</p><p><br/></p><p>　　在有兴趣加盟<strong>汤先生</strong>的人当中，女性比例亦高达70%以上。白领和写字楼一族较高收入人群占消费总人数的65%以上。因此，投资者放心加盟，跟随品牌总部的步伐，就可以为加盟店带来丰厚的财富收益，这样好的致富项目，你还不来加盟吗？</p><p><br/></p>', '.', 0),
(10920, '3', '汤先生加盟潜心研究求新求变，改变都市一族的饭点快餐时代', '2018-10-18', '汤先生官网，汤先生汤馆，汤先生加盟费', '', NULL, '<p>　　现代科学研究表明：慢火熬制的汤品，能很大限度促成原料蛋白质、胶质、钙等鲜香养分的渗透，且最易被人体吸收，适合于最广泛的消费人群。从儿童到老人，各种职业，不同性别均能受益。</p><p><br/></p><p>　　<strong>汤先生</strong>提供一年四季功效不同、美味无穷的煲汤产品，搭配蔬菜、水果、米饭和各式健康食品，为都市生活工作一族提供优佳养身健康食谱。</p><p><br/></p><p>　　<strong>汤先生</strong>结构涵盖美味营养系列、美容养颜系列、养生滋补系列、预订功效汤系列。据公司市场消费调查显示：一般顾客满意度高达惊人的93%，老顾客养成指数：75%。其中女性消费者光顾汤宝饱比例很高，达67%，大多数女性顾客青睐营养、养颜美容系列汤品。</p><p><br/></p><p>　　在有兴趣加盟汤先生的人当中，女性比例亦高达70%以上。白领和写字楼一族较高收入人群占消费总人数的65%以上。</p><p><br/></p><p>　　<strong>汤先生</strong>轻松活拨的店面形象设计，幽雅亲切的就餐环境。“西为中用”，在服务方面，我们认真学习西式快餐连锁企业的成功经验，以服务品质及人员训练作为管理的重心，强调顾客的用餐体验，并以此来计划和调动公司上下各部门的工作。此外，“汤先生”潜心研究，求新求变，针对餐饮市场的变化，将及时调整产品的结构，不定期的推陈出新，力求做到很好。</p><p><br/></p>', '.', 0),
(10921, '3', '关于以下这几组数据，开餐厅的必须要注意了', '2018-10-19', '汤先生官网，汤先生汤馆，汤先生加盟费', '', NULL, '<p>　　开了一家店，一年忙到头。结果年底一算账，发现今年又白忙活了。这是为什么呢？这样的情况特别是在小餐馆或者餐饮创业者中最常见。原因在于平时没有做好数据的观测，没有进行及时调整。有很多餐饮创业者都有这样的一个疑问：每天都很努力地去经营了，生意不能说很火爆，但是都过得去，为什么算账的时候总是不赚钱的呢？原因在哪里？该如何调整呢？其实，作为餐饮初创者有几组数据是每天都要观测的，这些才是关乎餐厅生死的关键点。</p><p><br/></p><p>　　01 每日现金流量必须要盯牢</p><p><br/></p><p>　　餐饮创业初期，一定要牢牢盯住每日现金入账的情况，真正做到“储银于仓，心中不慌”，只要真金白银在手，不怕各种经营困难，不怕外部经营环境的变化。</p><p><br/></p><p>　　02 餐厅的每日销售收入</p><p><br/></p><p>　　每日销售收入的高低，决定了餐厅每日收入效益的好坏，也决定了全年收入的分布状况。开店初期，餐饮人必须重视餐厅每日收入的数据，特别是就餐人数，平均餐标，每日毛利率以及其它大堂吧、茶坊、商场、车场、会议室、场租等收入情况。</p><p><br/></p><p>　　03 盘点每日应收账款，避免死账</p><p><br/></p><p>　　了解每日、每月、每季经营回款问题，应收账款的催收问题，及时督导检查财务部、营销部、餐饮部等部门，做好会议客源、团队客源、政府部门、企事业单位等客人，在餐饮、会议，娱乐消费挂账，与欠款的及时催收回款工作。不要让欠款长时间地滞留在餐厅之外，占用餐厅流动资金，不能回来，更不要让其成为呆账、死帐、无法回收之帐。</p><p><br/></p><p>　　04 每日成本支出，严控支出</p><p><br/></p><p>　　要有严格的成本意识，清楚知道餐厅每日经营成本是多少，如每日人事费用支出、水电气能耗支出、固定资产折旧支出、每日正常经营费用支出、管理费用支出、营销费用支出等，做好成本支出管理工作，成本费用控制工作，降低经营成本。</p><p><br/></p><p>　　总之，餐厅企业经营的核心目的，是增收创收，利润与市场最大化。</p><p><br/></p><p>　　<strong>汤先生</strong>是一家以“养生炖汤”为经营特色的快餐连锁餐厅，为广州市舜达餐饮管理服务有限公司旗下餐饮品牌，以健康为前提，以营养为目标。主要产品为秘制炖汤、精选拌菜、特色小吃等。加盟汤先生，总部全程扶持，开店无忧，全国加盟商数百家，成功经验，可复制。</p><p><br/></p>', '....', 0),
(10922, '3', '汤先生汤品加盟，炖出营养，喝出健康', '2018-10-19', '汤先生官网，汤先生汤馆，汤先生加盟费', '', NULL, '<p>　　<strong>汤先生</strong>是一家以“养生炖汤”为经营特色的快餐连锁餐厅，为广州市舜达餐饮管理服务有限公司旗下餐饮品牌，以健康为前提，以营养为目标。主要产品为秘制炖汤、精选拌菜、特色小吃等，其招牌主打的：“秘制养胃牛排汤”，选用新鲜小黄牛排，配以十余种中草药，经过数小时小火慢炖而成。具有去湿气、滋养脾胃的益处。</p><p><br/></p><p>　　汤先生中式快餐连锁品牌一经上线，店店排队，生意火爆，门店和外卖顾客不断，吃过一次汤先生人，都会被汤先生所吸引，大众品牌，好吃不贵，营养健康，快餐行业佼佼者。</p><p><br/></p><p>　　秘制炖汤+精选小菜+特色小吃经营模式，吸引了很多的加盟商，除了特色快餐这一优势，加盟汤先生中式快餐，获集团公司大力扶持。</p><p><br/></p><p>　　1. 选址：签约后，总部教您相关的选址的技巧方法，并提供详细的选址材料。</p><p><br/></p><p>　　2. 装修指导：设计团队会为您免费的出一套设计图纸，其中包括了平面图、施工图、效果图、工期以及报价。您可以按照我们的图纸报价自行选择装修团队。</p><p><br/></p><p>　　3. 业主和员工培训：我们会安排一套系统的培训方案。</p><p><br/></p><p>　　4. 采购：客服部会给您提供详细的采购清单，您可以按照采购清单自行选择供应商。</p><p><br/></p><p>　　5. 客服店长免费带店以及开业营销：在中式快餐加盟店开业前<strong>汤先生</strong>汤品会派专业的客服店长去加盟商当地带店。</p><p><br/></p><p>　　6. 开业后营销活动策划方案：汤先生快餐连锁有专业的营销团队，很熟悉汤先生的运作，开业后节假日的店内营销方案由汤先生汤品加盟连锁营销部做好，免费提供给加盟商。</p><p><br/></p><p>　　7. 新品：总部有新品研发团队，定期推出新品，免费提供制作配方与操作方法。</p><p><br/></p><p>　　8. 客服跟踪指导：<strong>汤先生</strong>汤馆连锁有专业的客服跟踪指导，协助您解决店内相关问题。</p><p><br/></p>', '..', 0),
(10923, '3', '餐饮店应该开在什么位置比较好，你真的懂吗？', '2018-10-20', '汤先生官网，汤先生汤馆，汤先生加盟费', '', NULL, '<p style="line-height: 2em;">　　在同一条街上，位置的前后不同对餐厅生意有很大影响；在同一个商场同一层楼，左边和右边客流量也会有所不同。你真的懂选址吗？</p><p><br/></p><p style="line-height: 2em;">　　<strong>选址凭感觉，没有科学依据，风险非常大。</strong></p><p><br/></p><p style="line-height: 2em;">　　这种情况常出现在中小型餐饮门店，餐饮老板凭借过往经验和直觉来判断店址，往往说不清楚道不明白，成败多归咎于风水问题。说起自身选址经验，多半是有缘或有感觉，没有科学依据，风险非常大。成熟商圈的店址往往千金难求，租金、押金高昂，选择店址时如不能准确预测投资收益，租金成本高于本行业利润率，将导致门店经营失败。成熟商圈店址很难获得，缺少投资收益预测，导致决策失败，这种情况多出现在一些既有选址标准与经验，也注重策略和规划的餐饮老板身上。</p><p style="line-height: 2em;">　　另有一种类型，某些连锁企业为了降低成本或避开强势竞争实现“农村包围城市”策略，选择在次商圈进行布点，也常因不能科学、准确地预测商圈成熟时机而沦为填坑或为人作嫁。<br/></p><p><br/></p><p style="line-height: 2em;">　　<strong>缺少系统和规范，选址成为扩张时最大难题</strong></p><p><br/></p><p style="line-height: 2em;">　　第三种情况则是由于没有建立选址标准和完善选址规范，缺少组织和系统，一旦批量开店选址，人员分身乏术找不到想要店址，扩张计划不得不一再延迟，选址最终成为扩张战略的最大阻碍。</p><p><br/></p>', '...', 0),
(10924, '3', '开店选择经常遇到的六大坑，学会避开才能成功经营', '2018-10-20', '汤先生官网，汤先生汤馆，汤先生加盟费', '', NULL, '<p>　　新餐厅生意不好的原因有很多，创业者会想到是产品、服务、名气等方面，但很少创业者会认为是自己的选址出了错。下面<strong>汤先生</strong>加盟总结了餐厅选址的6个错误，希望能给大家提个醒。</p><p><br/></p><p>　　一、盲目进入新场地；</p><p><br/></p><p>　　二、贪便宜贸，然进驻楼中楼店面；</p><p><br/></p><p>　　三、过分相信二房东；</p><p><br/></p><p>　　四、对商圈发展没有远期判断；</p><p><br/></p><p>　　五、选址分析停留在表象；</p><p><br/></p><p>　　六、贪图好位置，却选择了畸形的房屋结构；</p><p><br/></p><p>　　上述餐饮选址的六大致命错误，也是餐饮老板创业中最容易碰到、最容易犯的六大雷区。在餐厅选址的时候，切勿因为着急开业而在选址上草草了事，也不能因为省钱而在选址上贪图便宜，最终将对后续的生意带来持续、致命的伤害。</p><p><br/></p>', '..', 0),
(10925, '4', '经营的好的餐厅基本都会具备这写特点', '2018-10-22', '汤先生官网，汤先生汤馆，汤先生加盟费', '', NULL, '<p>　　餐厅竞争对手越来越多，但是该排队的店还是排队。有时大家去探店觉得也没有什么特别的，但是为什么人家生意就是火爆呢？ 是菜好吃，服务好，还是人家营销做得好？原因就在这些餐厅懂得顾客。 从那些生意好的餐厅来看，大体上都会有以下的特点：</p><p><strong><br/></strong></p><p><strong>一、尽可能地给顾客方便</strong><br/></p><p><br/></p><p>　　1、优惠信息及新推菜品一目了然</p><p><br/></p><p>　　可以将店里打折优惠或者新推出的特色菜品写在白板上供顾客查看，省去了顾客看菜单或者询问店员的时间，一目了然。当然，当季新菜或者特价菜专门印刷一张小菜单告诉顾客，也是一种手段。</p><p><br/></p><p>　　2、套餐制</p><p><br/></p><p>　　可以让顾客直接支付一个星期或者一个月的午餐费，顾客每天只需说出自己想吃哪种套餐即可。</p><p><br/></p><p>　　3、一键下单</p><p><br/></p><p>　　以前点菜半天都找不到服务员，或者服务员在旁边一直催你点菜，顾客觉得烦，服务员也有点心不在焉的。怎么减少人手和给顾客更多的自由时间？ 很多餐厅都有电子菜单，顾客要点什么菜一目了然，点完一键下单即可。还有一些直接扫二维码下单，线上直接支付了。有些快餐店会将顾客拉到一个微信群里，餐饮老板每天中午之前将今天的菜品顺序排列，顾客只要说序号就可一键下单，之后就是交易和外卖配送环节了。</p><p style="text-align: center;"><br/></p><p><br/></p><p><strong>二、给顾客面子</strong></p><p><br/></p><p>　　1、会员模式</p><p><br/></p><p>　　和网络上各式各样的会员类似，如果你的会员等级是很多太阳或者皇冠，这就是高身份的象征。会员会拥有更多的特权，比如可以打折优惠、返现等。</p><p><br/></p><p>　　2、勋章展示</p><p><br/></p><p>　　可以在墙上粘贴优质顾客的签名，勋章或者留言，优质顾客的朋友来店里就餐也可享受优惠等。</p><p><br/></p><p><strong>三、让顾客有占便宜的感觉</strong></p><p><br/></p><p>　　1、免费试吃</p><p><br/></p><p>　　免费的活动只要没有风险都是好的！餐饮商家可以让顾客免费试吃新推出的菜品或者饮品。这种方法在甜品 店和超市经常见到。顾客试吃完之后会得出自己的一个评价，说不定能当场促成成交！</p><p><br/></p><p>　　2、团购、拼单、秒杀</p><p><br/></p><p>　　团购、拼单、秒杀是随着互联网商城兴起的新型购买模式。这三种方式的最终结果都是让顾客用更少的钱享受更多的服务，何乐而不为？餐饮商家可以建立自己的网上商城，商城很多活动模板可供选择。</p><p><br/></p><p><strong>四、满足顾客好奇心</strong><br/></p><p><br/></p><p>　　1、制造神秘感</p><p><br/></p><p>　　给顾客留足悬念，欲说还休，犹抱琵琶半遮面往往也能制造惊喜。比如可以在店里张贴新品倒计时海报，让顾客充满期待。</p><p><br/></p><p>　　2、饥饿营销</p><p><br/></p><p>　　小米已经将饥饿营销做到了极致，包括最近的很多网红餐饮商家，其实很多都借鉴了这一点。门口排起的长队，一票难求的座位，强烈的视觉冲击分分钟勾起我们的窥探欲。</p><p><br/></p><p><strong>五、给顾客独特的感受</strong></p><p><br/></p><p>　　1、打造差异化</p><p><br/></p><p>　　当今餐饮市场，同质化现象很严重，如何在千军万马中冲出重围，赢得顾客芳心才至关重要。因此打造差异化，打造小众的产品，赢得精准的粉丝是个不错的选择。</p><p><br/></p><p>　　2、打造爆款</p><p><br/></p><p>　　这里的爆款包括宣传和产品。先说宣传，餐饮商家虽然做不了全国第一，但是可以做到一个区、一个镇、甚至一个小区里的第一，比如一家餐厅宣称“本条街最好吃的餐厅”。再说产品，餐饮商家可以把一款产品做到极致，死磕这一款，成为响当当的招牌，当大家提起某种产品时能立马和你家建立联系的话，你就赢了。</p><p><br/></p>', '..', 0),
(10926, '3', '想要打造餐厅招牌菜式，只需要做好这3点', '2018-10-22', '汤先生官网，汤先生汤馆，汤先生加盟费', '', NULL, '<p>　　如今，一个餐厅可以有很多方法让品牌在互联网上火起来，也可以有多种方式诉说品牌文化，但是有一点千古不变，那就是持续的口碑依然要靠出品，且绝大部分的口碑都来自于那些“好吃到爆”的“爆品”。</p><p><br/></p><p>　　<strong>1、做对选择</strong></p><p><br/></p><p>　　不管是经久不衰的经典爆品，还是新推出的创新爆品，从一开始选择时，就得吻合品牌定位。</p><p><br/></p><p>　　<strong>2、打造记忆点</strong></p><p><br/></p><p>　　爆品要让消费者容易记住，并与其他菜品形成明显差异，那必须具备一定的独特性，力求“人无我有，人有我优，人优我异” ，不断挖掘产品的独特卖点，并不断向消费者进行强化教育。</p><p><br/></p><p>　　<strong>3、有效的营销手段</strong></p><p><br/></p><p>　　推广就是让顾客加深对菜品的印象，店内是第一阵地。 常见有店面门头、灯箱广告，还有其他纸质物料，去进一步强调爆品的绝对主角地位，这样还可以让顾客更轻易地了解到餐厅什么最好吃，哪些是店面的招牌菜，而非每一次均需要服务的特别引导。</p><p style="text-align: center;"><br/></p><p><br/></p><p><br/></p>', '...', 0);
INSERT INTO `article` (`id`, `column`, `title`, `date`, `keywords`, `description`, `brand`, `context`, `img_url`, `hit`) VALUES
(10927, '3', '新外卖品牌想要在开业初期获得众多青睐，这样就完全没问题了', '2018-10-23', '鹿角巷，鹿角巷加盟，鹿角巷加盟官网，鹿角巷奶茶，鹿角巷奶茶加盟', '', NULL, '<p style="line-height: 2em;"><span style="font-size: 14px;">　　外卖行业，是餐饮业近几年增量最大的市场，也是最变幻莫测的一个市场，进进出出，永远不缺新手。2018年，外卖行业正迎来生死大考验。新的外卖品牌在外卖行业大考验中怎么才能在初期获得消费者更多青睐？</span></p><p><br/></p><p style="line-height: 2em;"><span style="font-size: 14px;">　　产品为王，不求品类多，但求好吃对于餐饮而言，好吃是一切的基础&nbsp; 。产品难吃得要死，但是只要有互联网思维，颜值高，好的包装就可以赚得盆满钵满的想法已经落后，最根本的还是产品餐饮本身。口碑效应是有局限性和时效性的，达到了极点，采用什么营销手段可能都于事无补。好的产品能带来更多的回头客，一个没有回头客的产品，是不会有多久的生命力。</span></p><p style="line-height: 2em;"><span style="font-size: 14px;">　　外卖产品的本身的味道和质量，是新的外卖品牌在初期拓展的一个重点&nbsp; ，通过良好的餐饮体验才能打开消费者的味蕾，获得更多用户的青睐。很多外卖品牌走的是多品类餐饮路线。品类多看似给了消费者更多的选择，但是有时未必是好事。品类越多品牌运营的难度就越高，而且品类多容易导致顾客记忆点消散，品牌很难被人记住或描述。所以新的外卖品牌要有有记忆点，不仅仅是包装颜值高，而是能一下子被记住或描述。 往往单款爆品更适合新外卖品牌的初期拓展来赢得消费者青睐。</span></p><p><br/></p><p style="line-height: 2em;"><span style="font-size: 14px;">　　无论是做什么产品，是很多个套餐，还是单品，都需要好好打磨，以产品和用户体验为导向。用产品和口碑沉淀顾客，产品才是一切最强有力的支撑。颜即正义的时代，设计、包装要舍得花在颜即正义的时代，外表更多是首先吸引别人眼球的第一关，做餐饮外卖的产品不会说话，所以颜值上去了，才有机会让人尝尝味道。在保证产品味道的基础上，要着力提升产品的颜值，一是体现在外卖食物的颜值，二是体现在外卖包装的外观。</span></p><p><br/></p><p style="line-height: 2em;"><span style="font-size: 14px;">　　现如今大家都意识到了颜值的重要性，比较红的外卖品牌颜值没有不过关的。颜值高，用户在朋友圈一晒又是一次二次传播的营销，新的外卖品牌借此能得到更多的推广。</span></p><p><br/></p><p style="line-height: 2em;"><span style="font-size: 14px;">　　坚持自身特色，不“随波逐流”坚持原则就是坚持自身外卖品牌的特点。跟别的产品区分开来，品牌辨识度鲜明。原则意味着有自己认定的一套体系，不会因为外界的变化而轻易打破，<strong>汤先生</strong>加盟品牌就是个很典型的例子。尽己所能做自己能力范围能做到的事，为客人提供最好的体验，反而是一种真诚。</span></p><p><br/></p>', '.', 0),
(10928, '3', '餐饮老板学会这5招，零成本玩转互联网营销', '2018-10-24', '汤先生官网，汤先生汤馆，汤先生加盟费', '', NULL, '<p>　　最近有一大波餐饮品牌借助抖音又火爆了起来，抖音套餐已经俨然成为新一代的网红店的标配。越来越多的餐饮企业已经把抖音营销提到了战略层面，并且投入了大量的人力物力，通过源源不断的线上线下的话题维护与高频互动，实现了品牌的名利双收。然后我们再回到餐饮这个领域，<strong>汤先生</strong>加盟汤馆老板如何抓住抖音的营销红利，零成本为自己的餐厅做出好的抖音营销呢？</p><p><br/></p><p>　　<strong>1.翻转剧情。</strong>剧情反转就是将两种相反状态的故事嫁接在一起。比如坐在对面一同吃饭，含情脉脉、郎才女貌的，最后竟然是别人的女朋友。比如加了无数料的超级无敌豪华套餐，最后是端给别人的。比如点菜点了一大堆餐厅都没有的招牌菜，最后只要了一个最简单不过的青菜萝卜汤。</p><p><br/></p><p>　　<strong>2.展示绝活。</strong>如果餐饮老板或餐厅厨师有绝活，那就可以将这个包装成一大卖点。比如曾在网上火爆的一根面小哥，比如海底捞的舞面刀工比较好的老板可以展示刀工，炒菜比较好的可以展示翻锅，总之，技艺越觉越有看点。</p><p><br/></p><p>　<strong>　3.现场教学。</strong>最普遍的一种就是美食教学，制作一道菜，或者演示一个美食小窍门，让观看的人感觉有收获，能够发现知识点，这样就更能吸引人关注和观看。</p><p style="text-align: center;"></p><p><br/></p><p>　　<strong>4.diy美食。</strong>如今越来越多的餐厅更加注重和顾客的互动，因而增加了自助区和diy美食区，比如饺子馆可以让顾客自己包饺子，披萨店可以让顾客自己定制属于自己的披萨，还有一些打着为爱下厨口号的店，愿意给年轻人一次自己下厨的机会，当这样的机会摆在面前时，年轻人自然更愿意拍个抖音来纪录这美妙的颇有成就感的一刻。</p><p><br/></p><p>　　<strong>5.颜值诱惑。</strong>如果说吸引别人再来消费你的美食需要靠味道的话，那么吸引别人分享你的美食就要靠颜值。菜品摆盘更别出心裁，餐具形状更奇特，菜品色彩搭配更加绚丽夺目，这些都能够成为别人抖音嘚瑟一下的理由。</p><p><br/></p><p>　　如果您加盟了<a href="http://www.sucentaica.com.cn/" target="_self"><strong>汤先生</strong></a>，完全不用操心店面营销，因为我们有专门的营销策划部，给加盟商策划开业、节日、各种类型的活动。</p><p><br/></p>', '.', 0),
(10929, '3', '想要做好营销，“顾客”这个点要做好', '2018-10-24', '汤先生官网，汤先生汤馆，汤先生加盟费', '', NULL, '<p>　　<strong>1 了解自己的顾客</strong></p><p><br/></p><p>　　现在，餐饮消费主力早已变为了80、90一代的年轻人，相比之前的70后，他们对待“吃”的思考方式和行为完全不同。这一代的顾客把吃看做一件值得挑剔的事，他们习惯通过大众点评或吃货群，挑出好吃的餐厅和菜品；为图方便，他们喜欢用支付宝线上支付工具；他们吃饭之前爱拍照，吃完之后爱点评，餐厅的声誉全在顾客的手上。</p><p><br/></p><p>　　靠着互联网的便利性，顾客的餐饮消费习惯发生了巨大的变化，而与之相对，大多数餐饮企业的营销却非常滞后。</p><p><br/></p><p>　　餐饮营销与顾客习惯的严重脱轨，才是传统餐饮企业火不起来的关键，所以新时代的餐饮营销也应该得到全面进化。</p><p><br/></p><p>　<strong>　2 能接近顾客的餐企运气都不会太差</strong></p><p><br/></p><p>　　传统的餐饮营销一般会用到传单、短信、朋友圈推广等营销方式。</p><p><br/></p><p>　　餐企通过餐厅1公里范围内，雇佣地推人员发传单或群发短信，而宣传对象通常讨厌并无视这样的行为，就算是注意到了信息，也不一定对胃口。针对餐厅活动与新菜推出等信息，老板会在自己和家人的朋友圈中扩散宣传，但这样的宣传方式狭隘而无效，并没有改善餐厅经营。</p><p><br/></p><p>　　餐饮企业急需进化自己的营销方式，把精确的餐厅活动信息以正确的方式推送给顾客。现在消费者习惯利用团购下单，借助手机支付付款，通过短信与口碑平台贴身接触到顾客。</p><p><br/></p><p>　　餐饮商家通过第三方数据分析平台提供的消费数据，针对会员进行分类处理，判断会员是回头顾客、沉睡顾客，还是低消费顾客，从而量身定做优惠券，做到找对顾客说对话。</p><p style="text-align: center;"><br/></p><p>　　<strong>3 餐饮高手靠活动引流，靠菜品存流</strong></p><p><br/></p><p>　　传统餐饮企业的营销活动非常简单粗暴，通常会针对餐厅周边的顾客进行模糊的打折促销。餐厅通过薄利多销的思维做活动，吸引消费人流；通过群聊、朋友圈的形式抓住熟客，靠面子打折、红包返利等方式留住顾客。这种引流和存流的营销方法，对于一般的夫妻店挺实用，但不适合走上正轨的餐饮企业。</p><p><br/></p><p>　　营销方式的进化迫使营销活动也必须进步。对于餐饮营销活动引流与存流的新玩法，根据年轻人线上团购、手机支付的习惯，通过口碑发送了满即送、特价菜等优惠券，形成引流；通过菜品优惠、满即送小吃等形式，让顾客吃到真正的招牌菜、畅销菜、特色菜。</p><p><br/></p><p>　　顾客吃到了有价值的餐厅特色，当然会发朋友圈推广、在口碑上点评，这样不仅会吸引更多的顾客消费，而且还会增加会员对餐厅的忠诚度，达到存流效果。</p><p><br/></p><p>　　注重顾客习惯的时代必然会导致餐饮营销发生改变。传统餐企只有用进化的眼光看营销，接上“顾客习惯”与“餐饮营销”的断轨，才能发挥出自身的特色与潜力。</p><p><br/></p><p>　　把顾客的变心看做一次机会，餐饮人要尝试运用更先进的工具、更专业的顾问去冲击市场，创造新的餐饮神话，使餐厅转危为安。</p><p><br/></p><p>　　<strong>汤先生</strong>是一家以“养生炖汤”为经营特色的快餐连锁餐厅，为广州舜达餐饮管理有限公司旗下餐饮品牌，以健康为前提，以营养为目标。汤先生已成为养生、健康的代名词，被注重健康养生的消费群体所钟爱。 营养快餐，炖出健康。</p><p><br/></p>', '.', 0);

-- --------------------------------------------------------

--
-- 表的结构 `brand`
--

CREATE TABLE IF NOT EXISTS `brand` (
  `id` int(11) NOT NULL AUTO_INCREMENT,
  `en_name` varchar(50) NOT NULL,
  `ch_name` varchar(50) NOT NULL,
  `page_title` varchar(200) DEFAULT NULL,
  `keywords` varchar(300) NOT NULL,
  `description` varchar(500) NOT NULL,
  `company` varchar(200) DEFAULT NULL,
  `area` varchar(20) DEFAULT NULL,
  `investment` varchar(20) DEFAULT NULL,
  `type` varchar(50) DEFAULT NULL,
  `model` varchar(50) DEFAULT NULL,
  `address` varchar(200) DEFAULT NULL,
  `link` varchar(200) NOT NULL,
  PRIMARY KEY (`id`)
) ENGINE=MyISAM  DEFAULT CHARSET=utf8 AUTO_INCREMENT=13 ;

--
-- 转存表中的数据 `brand`
--

INSERT INTO `brand` (`id`, `en_name`, `ch_name`, `page_title`, `keywords`, `description`, `company`, `area`, `investment`, `type`, `model`, `address`, `link`) VALUES
(5, '', '泰芒了', NULL, '', '“泰芒了”坚持快乐、时尚、健康的饮品理念，努力打造成为健康快乐的饮品，消费者的需求将被泰芒了全方面的满足。丰富的维生素和蛋白质都是芒果的优势，并且在抗衰老和提高人们免疫力方面都起着巨大作用', NULL, NULL, NULL, NULL, NULL, NULL, 'http://tml.roastea.cn/'),
(11, '', '九秒九米线', NULL, '', '是事实上事实上事实上事实上事实上事实上事实上事实上事实上事实上事实上是撒啊啊啊啊啊啊啊啊啊啊啊啊啊啊啊啊啊啊啊啊啊啊啊啊啊啊啊啊啊啊啊啊啊啊啊啊啊啊啊啊啊啊啊啊啊啊啊啊啊啊啊啊啊啊', NULL, NULL, NULL, NULL, NULL, NULL, 'http://tml.roastea.cn/'),
(12, '', '好叻梅', NULL, '', '事实上事实上事实上事实上事实上事实上事实上事实上事实上是事实上事实上事实上事实上事实上事实上事实上事实上谁谁谁水水水水水水水水水水水水水水水水水水水水事实上事实上事实上事实上事实上', NULL, NULL, NULL, NULL, NULL, NULL, 'http://tml.roastea.cn/');

-- --------------------------------------------------------

--
-- 表的结构 `column`
--

CREATE TABLE IF NOT EXISTS `column` (
  `id` int(10) NOT NULL AUTO_INCREMENT,
  `pid` int(2) NOT NULL DEFAULT '0' COMMENT '所属栏目的id',
  `model` varchar(50) DEFAULT NULL COMMENT '内容模型',
  `name` varchar(100) NOT NULL,
  `catalog` varchar(50) DEFAULT NULL COMMENT '栏目存放的目录',
  `link` varchar(100) NOT NULL,
  `target` varchar(10) NOT NULL DEFAULT '_blank',
  `porder` int(10) NOT NULL COMMENT '栏目的顺序',
  `template` varchar(50) DEFAULT NULL COMMENT '模板名称',
  `display` varchar(4) NOT NULL DEFAULT 'show' COMMENT '是否显示栏目',
  PRIMARY KEY (`id`)
) ENGINE=MyISAM  DEFAULT CHARSET=utf8 AUTO_INCREMENT=12 ;

--
-- 转存表中的数据 `column`
--

INSERT INTO `column` (`id`, `pid`, `model`, `name`, `catalog`, `link`, `target`, `porder`, `template`, `display`) VALUES
(1, 0, 'other', '官网首页', '', 'index.html', '', 1, 'index.htm', 'show'),
(2, 0, 'common', '汤先生', '', 'about.html', '', 2, 'about.htm', 'show'),
(3, 0, 'article', '新闻动态', 'news', 'news/page_1.html', '', 3, 'news.htm', 'show'),
(4, 0, 'article', '成功案例', 'cases', 'cases/page_1.html', '', 4, 'news.htm', 'show'),
(5, 0, 'other', '产品中心', 'product', 'product/page_1.html', '', 5, 'product.htm', 'show'),
(6, 0, 'common', '联系我们', '', 'contact.html', '', 6, 'contact.htm', 'show'),
(7, 3, 'other', '新闻详情', 'news', '', '_blank', 1, 'news_detail.htm', 'hide');

-- --------------------------------------------------------

--
-- 表的结构 `column_content`
--

CREATE TABLE IF NOT EXISTS `column_content` (
  `id` int(11) NOT NULL AUTO_INCREMENT,
  `column` int(11) NOT NULL,
  `content1` text,
  `content2` text,
  PRIMARY KEY (`id`)
) ENGINE=MyISAM  DEFAULT CHARSET=utf8 AUTO_INCREMENT=3 ;

--
-- 转存表中的数据 `column_content`
--

INSERT INTO `column_content` (`id`, `column`, `content1`, `content2`) VALUES
(1, 2, '<p>		</p><p style="padding: 0px; margin-top: 0px; margin-bottom: 10px; box-sizing: border-box; font-family: 微软雅黑; color: rgb(102, 100, 100); line-height: 25px; font-size: 14px; white-space: normal; background-color: rgb(255, 255, 255);">Soup Master 汤先生，专注无添加的养生汤和中式暖轻食。为顾客提供多元化营养好汤，满足都市人对于健康品质生活的追求。</p><p style="padding: 0px; margin-top: 0px; margin-bottom: 10px; box-sizing: border-box; font-family: 微软雅黑; color: rgb(102, 100, 100); line-height: 25px; font-size: 14px; white-space: normal; background-color: rgb(255, 255, 255);">坚持无添加，不添加味精鸡精，只选用无硫熏的天然食材、细火慢炖，煲出汤品饱和鲜味，让味蕾返璞归真。希望用这一份无添加的营养好汤，唤醒我们对原味的感知。</p><p style="padding: 0px; margin-top: 0px; margin-bottom: 10px; box-sizing: border-box; font-family: 微软雅黑; color: rgb(102, 100, 100); line-height: 25px; font-size: 14px; white-space: normal; background-color: rgb(255, 255, 255);">从品牌创立至今，汤先生已经送出超过数百万份无添加的营养好汤，也收获了数百个温暖的故事，我们不只是在做一份汤，更希望用有温度的营养好汤，传递温暖 : )</p><p style="padding: 0px; margin-top: 0px; margin-bottom: 10px; box-sizing: border-box; font-family: 微软雅黑; color: rgb(102, 100, 100); line-height: 25px; font-size: 14px; white-space: normal; background-color: rgb(255, 255, 255);">让喝汤成为一件幸福的事儿...</p><p style="padding: 0px; margin-top: 0px; margin-bottom: 10px; box-sizing: border-box; font-family: 微软雅黑; color: rgb(102, 100, 100); line-height: 25px; font-size: 14px; white-space: normal; background-color: rgb(255, 255, 255);">慢慢喝，小心烫！</p><p>&nbsp; &nbsp; &nbsp; &nbsp; &nbsp;		</p>', ''),
(2, 6, '', NULL);

-- --------------------------------------------------------

--
-- 表的结构 `friendlylink`
--

CREATE TABLE IF NOT EXISTS `friendlylink` (
  `id` int(10) NOT NULL AUTO_INCREMENT,
  `name` varchar(100) NOT NULL,
  `link` text NOT NULL,
  UNIQUE KEY `id` (`id`)
) ENGINE=MyISAM  DEFAULT CHARSET=utf8 AUTO_INCREMENT=18 ;

--
-- 转存表中的数据 `friendlylink`
--

INSERT INTO `friendlylink` (`id`, `name`, `link`) VALUES
(12, '汤先生官网', 'http://'),
(13, '汤先生加盟费', 'http://');

-- --------------------------------------------------------

--
-- 表的结构 `message`
--

CREATE TABLE IF NOT EXISTS `message` (
  `id` int(11) NOT NULL AUTO_INCREMENT,
  `name` varchar(50) NOT NULL,
  `phone` varchar(20) NOT NULL,
  `email` varchar(30) DEFAULT NULL,
  `adress` varchar(100) DEFAULT NULL,
  `date` varchar(30) NOT NULL,
  `message` longtext NOT NULL,
  `source` varchar(200) NOT NULL,
  `state` varchar(10) DEFAULT NULL,
  `item` varchar(60) NOT NULL,
  PRIMARY KEY (`id`)
) ENGINE=MyISAM  DEFAULT CHARSET=utf8 AUTO_INCREMENT=81 ;

-- --------------------------------------------------------

--
-- 表的结构 `message_count`
--

CREATE TABLE IF NOT EXISTS `message_count` (
  `id` int(11) NOT NULL AUTO_INCREMENT,
  `date` varchar(20) NOT NULL,
  `sum` int(11) NOT NULL,
  PRIMARY KEY (`id`),
  UNIQUE KEY `date` (`date`)
) ENGINE=MyISAM DEFAULT CHARSET=utf8 AUTO_INCREMENT=1 ;

-- --------------------------------------------------------

--
-- 表的结构 `product`
--

CREATE TABLE IF NOT EXISTS `product` (
  `id` int(11) NOT NULL AUTO_INCREMENT,
  `name` varchar(100) NOT NULL,
  `desc` varchar(200) NOT NULL,
  `img_url` varchar(100) NOT NULL,
  PRIMARY KEY (`id`)
) ENGINE=MyISAM  DEFAULT CHARSET=utf8 AUTO_INCREMENT=175 ;

--
-- 转存表中的数据 `product`
--

INSERT INTO `product` (`id`, `name`, `desc`, `img_url`) VALUES
(165, '', '', 'product_1537512318.jpg'),
(166, '', '', 'product_1537512571.jpg'),
(167, '', '', 'product_1537512582.jpg'),
(168, '', '', 'product_1537512601.jpg'),
(164, '', '', 'product_1537512309.jpg'),
(155, '', '', 'product_1537508722.jpg'),
(156, '', '', 'product_1537508732.jpg'),
(157, '', '', 'product_1537508743.jpg'),
(158, '', '', 'product_1537508758.jpg'),
(159, '', '', 'product_1537508771.jpg'),
(160, '', '', 'product_1537512263.jpg'),
(161, '', '', 'product_1537512274.jpg'),
(162, '', '', 'product_1537512286.jpg'),
(163, '', '', 'product_1537512297.jpg'),
(154, '', '', 'product_1537508712.jpg'),
(150, '', '', 'product_1537508632.png'),
(151, '', '', 'product_1537508676.jpg'),
(152, '', '', 'product_1537508688.jpg'),
(153, '', '', 'product_1537508699.jpg'),
(142, '', '', 'product_1537497125.png'),
(143, '', '', 'product_1537497134.png'),
(144, '', '', 'product_1537497143.png'),
(145, '', '', 'product_1537508551.png'),
(146, '', '', 'product_1537508566.png'),
(147, '', '', 'product_1537508580.png'),
(148, '', '', 'product_1537508589.png'),
(149, '', '', 'product_1537508598.png'),
(169, '', '', 'product_1537512624.jpg'),
(170, '', '', 'product_1537512659.jpg'),
(171, '', '', 'product_1537512955.jpg'),
(172, '', '', 'product_1537512967.jpg'),
(173, '', '', 'product_1537513013.jpg'),
(174, '', '', 'product_1537513036.jpg');

-- --------------------------------------------------------

--
-- 表的结构 `recruit`
--

CREATE TABLE IF NOT EXISTS `recruit` (
  `id` int(11) NOT NULL AUTO_INCREMENT,
  `position` varchar(100) NOT NULL,
  `salary` varchar(20) NOT NULL,
  `quantity` int(3) NOT NULL,
  `place` varchar(50) NOT NULL,
  `date` varchar(30) NOT NULL,
  `description` text NOT NULL,
  `qualification` text NOT NULL,
  `treatment` text NOT NULL,
  `contact` varchar(200) NOT NULL,
  PRIMARY KEY (`id`)
) ENGINE=MyISAM  DEFAULT CHARSET=utf8 AUTO_INCREMENT=19 ;

--
-- 转存表中的数据 `recruit`
--

INSERT INTO `recruit` (`id`, `position`, `salary`, `quantity`, `place`, `date`, `description`, `qualification`, `treatment`, `contact`) VALUES
(15, '招商专员包食宿', '3000-5000', 10, '广州白云', '2016-08-19  16:17', ' <p>\r\n	<br />\r\n</p>\r\n<p>\r\n	1、平时销售人员应做好记录，做好客户分析，及时传递信息；\r\n</p>\r\n<p>\r\n	2、负责呼入电话的接听，了解客户信息并录入系统；\r\n</p>\r\n<p>\r\n	3、对公司分配的客户进行回访跟踪并及时邀约；\r\n</p>\r\n<p>\r\n	4、管理维护客户关系以及客户间的长期战略合作计划。\r\n</p>\r\n<p>\r\n	<br />\r\n</p>\r\n<p>\r\n	<br />\r\n</p> ', '<p>\r\n	1、年龄23-35岁，口齿清晰，普通话流利，\r\n</p>\r\n<p>\r\n	2、对销售工作有较高的热情；\r\n</p>\r\n<p>\r\n	3、具备优秀的学习能力，掌握优秀的沟通技巧；\r\n</p>\r\n<p>\r\n	4、性格坚韧，思维敏捷，具备良好的应变能力和抗压能力；\r\n</p>\r\n<p>\r\n	5、有强烈的事业心、责任心和积极的工作态度，优秀的团队管理精神；\r\n</p>\r\n<p>\r\n	6、大专以上学历，男女不限，有软件、互联网及餐饮行业、招商加盟、快销行业、保险行业等工作经验者优先。\r\n</p>', '<p>\r\n	1、无责任底薪2500-3500元起，业绩优秀者月入逾三万\r\n</p>\r\n<p>\r\n	2、底薪+高提成+高奖金+学习培训\r\n</p>', '<p>\r\n	王先生 15112292900\r\n</p>\r\n<p>\r\n	<br />\r\n</p>'),
(16, '行政后勤', '面议', 2, '广州白云', '2016-08-19  16:22', ' <p>\r\n	1、及时、准确接听/转接电话，如需要，记录留言并及时转达；\r\n</p>\r\n<p>\r\n	2、接待来访客人并及时准确通知被访人员；\r\n</p>\r\n<p>\r\n	3、负责办公区域的环境维护，保证设备安全及正常运转（包括复印机、空调及打卡机等）；\r\n</p>\r\n<p>\r\n	4、完成上级主管交办的其它工作\r\n</p>\r\n<p>\r\n	<br />\r\n</p> ', '<p>\r\n	1、女，形象好，气质佳，年龄18—24岁，身高1.62以上；\r\n</p>\r\n<p>\r\n	2、较强的服务意识，熟练使用电脑办公软件；\r\n</p>\r\n<p>\r\n	3、具备良好的协调能力、沟通能力，负有责任心，性格活泼开朗，具有亲和力；\r\n</p>\r\n<p>\r\n	4、具备一定商务礼仪知识。\r\n</p>\r\n<p>\r\n	5、中专及以上学历，1年相关工作经验，应届毕业生条件优秀者可考虑；\r\n</p>\r\n<p>\r\n	<br />\r\n</p>', '<p>\r\n	1、底薪+高提成+高奖金+住房补贴+包吃+学习培训+年终旅游\r\n</p>', '<p>\r\n	王先生 15112292900\r\n</p>\r\n<p>\r\n	<br />\r\n</p>\r\n<p>\r\n	<br />\r\n</p>'),
(17, '运营助理', '2000-4000', 2, '广州白云', '2017-03-04  09:44', ' <p>\r\n	1、给客户订购原材料；\r\n</p>\r\n<p>\r\n	2、及时回访客户；\r\n</p>\r\n<p>\r\n	3、收集客户在开店过程中遇到的问题；\r\n</p>\r\n<p>\r\n	4、安排客户培训等工作。\r\n</p> ', '<p>\r\n	1、中专以上学历，优秀应届生亦可；\r\n</p>\r\n<p>\r\n	2、沟通能力强；\r\n</p>\r\n<p>\r\n	3、工作态度认真、负责；\r\n</p>\r\n<p>\r\n	4、有经验者优先录取。\r\n</p>\r\n<p>\r\n	<br />\r\n</p>', '<p>\r\n	上班时间：9：00-12：00；13：30-18：00 &nbsp;月休4天\r\n</p>\r\n<p>\r\n	公司包食宿\r\n</p>', '<p>\r\n	王先生 15112292900\r\n</p>\r\n<p>\r\n	<br />\r\n</p>'),
(18, '行政人事经理', '6000-12000', 1, '广州白云', '2017-03-04  09:50', '<p>\r\n	人事方面：\r\n</p>\r\n<p>\r\n	1、组织编制人力资源管理的相关制度，并组织贯彻执行，定期修正；\r\n</p>\r\n<p>\r\n	2、组织编制并落实人力资源发展规划，完成人力资源的挖掘、储备工作；\r\n</p>\r\n<p>\r\n	3、依据公司各部门的需求和岗位任职条件，制定招聘计划，组织面试、复试，完成人员配备；\r\n</p>\r\n<p>\r\n	4、根据公司发展要求，针对各类岗位员工设计培训方案并具体实施；\r\n</p>\r\n<p>\r\n	5、完成公司各部门人员的业绩考核，有效实现绩效考核的目的；\r\n</p>\r\n<p>\r\n	6、负责组织完成员工的薪酬及保险福利等管理；\r\n</p>\r\n<p>\r\n	7、负责员工劳动关系的管理，并对产生的纠纷及其他相关问题进行妥善处理；\r\n</p>\r\n<p>\r\n	8、组织实施对员工的考勤、晋升、调职、奖惩、辞退等全方位管理；\r\n</p>\r\n<p>\r\n	9、与员工沟通、了解思想动态，为员工提供职业规划的专业咨询。\r\n</p>\r\n<p>\r\n	行政方面：\r\n</p>\r\n<p>\r\n	1、组织编制各项行政管理规章制度，并负责监督各项行政管理制度的执行情况；\r\n</p>\r\n<p>\r\n	2、管理公司行政资产及车辆的管理；\r\n</p>\r\n<p>\r\n	3、编制年度行政费用预算并监督实施；\r\n</p>\r\n<p>\r\n	4、妥善安排外来人员的来访接待、大型会议的人员食宿及会务安排；\r\n</p>\r\n<p>\r\n	5、根据公司的经营发展需要，组织管理公司的后勤保障工作。\r\n</p>', '<p>\r\n	1、大专及以上学历，人力资源、心理学专业优先，3年以上人事工作经验，1年以上行政经理管理工作经验；\r\n</p>\r\n<p>\r\n	2、熟悉国家、地方劳动人事政策法规，尤其是社会保险与劳动关系方面的政策法规；\r\n</p>\r\n<p>\r\n	3、熟悉并精通人力资源管理各工作模块的流程及行政管理能力；\r\n</p>\r\n<p>\r\n	4、具有较强的影响力和沟通协调能力，良好的学习能力和文案写作能力，熟练操作Word, Excel, PowerPoint, Outlook 等办公室计算机软件；\r\n</p>\r\n<p>\r\n	5、具有很强的团队领导能力，较强的责任意识和执行力，良好的沟通能力、应变能力及熟练掌握人力资源专业技能；\r\n</p>\r\n<p>\r\n	6、有发现人才的眼光、有快速判断人才特点的能力，并有较强的亲和力。\r\n</p>', '<p>\r\n	工作时间：09：00-12：00 13：30-18：00 &nbsp;月休4天\r\n</p>\r\n<p>\r\n	公司提供食宿\r\n</p>\r\n<p>\r\n	工作地址：广州市白云区平沙智造广场4楼413\r\n</p>', '王先生 15112292900');

-- --------------------------------------------------------

--
-- 表的结构 `show`
--

CREATE TABLE IF NOT EXISTS `show` (
  `id` int(11) NOT NULL AUTO_INCREMENT,
  `name` varchar(100) NOT NULL,
  `desc` varchar(200) NOT NULL,
  `img_url` varchar(100) NOT NULL,
  PRIMARY KEY (`id`)
) ENGINE=MyISAM  DEFAULT CHARSET=utf8 AUTO_INCREMENT=63 ;

--
-- 转存表中的数据 `show`
--

INSERT INTO `show` (`id`, `name`, `desc`, `img_url`) VALUES
(60, '1', '', 'show_1536126026.jpg'),
(61, '2', '', 'show_1536126036.jpg'),
(62, '3', '', 'show_1536126057.jpg');

-- --------------------------------------------------------

--
-- 表的结构 `user`
--

CREATE TABLE IF NOT EXISTS `user` (
  `id` int(11) NOT NULL AUTO_INCREMENT,
  `name` varchar(20) NOT NULL,
  `nickname` varchar(200) DEFAULT NULL,
  `password` varchar(48) NOT NULL,
  `status` varchar(6) NOT NULL,
  PRIMARY KEY (`id`)
) ENGINE=MyISAM  DEFAULT CHARSET=utf8 AUTO_INCREMENT=16 ;

--
-- 转存表中的数据 `user`
--

INSERT INTO `user` (`id`, `name`, `nickname`, `password`, `status`) VALUES
(15, 'admin', NULL, 'l=8MiGjZylqJJqlyZjGiM8=l', '3');

/*!40101 SET CHARACTER_SET_CLIENT=@OLD_CHARACTER_SET_CLIENT */;
/*!40101 SET CHARACTER_SET_RESULTS=@OLD_CHARACTER_SET_RESULTS */;
/*!40101 SET COLLATION_CONNECTION=@OLD_COLLATION_CONNECTION */;
